,LoginID,ClientID,AppOrderID,OrderReferenceID,GeneratedBy,ExchangeOrderID,OrderCategoryType,ExchangeSegment,ExchangeInstrumentID,OrderSide,OrderType,ProductType,TimeInForce,OrderPrice,OrderQuantity,OrderStopPrice,OrderStatus,OrderAverageTradedPrice,LeavesQuantity,CumulativeQuantity,OrderDisclosedQuantity,OrderGeneratedDateTime,ExchangeTransactTime,TradingSymbol,LastUpdateDateTime,OrderExpiryDate,CancelRejectReason,OrderUniqueIdentifier,OrderLegStatus,BoLegDetails,IsSpread,BoEntryOrderId,ApiOrderSource,MessageCode,MessageVersion,TokenID,ApplicationType,SequenceNumber,Instrument,Expiry
0,ITC2317,ITC2317,1210064699,,TWS,1760499900006390610,NORMAL,BSEFO,875652,BUY,Limit,NRML,EOS,660.0,600,0,Filled,648.9816666666667,0,600,0,15-10-2025 09:16:39,15-10-2025 09:16:40,SENSEX 16OCT2025 CE 81800,15-10-2025 09:16:39,01-01-1970 00:00:00,,,SingleOrderLeg,0,False,,,9004,4,0,0,0,SENSEX,2025-10-16
1,ITC2317,ITC2317,1210064708,,TWS,1760499900006333737,NORMAL,BSEFO,873713,SELL,Limit,NRML,EOS,567.65,600,0,Filled,569.26,0,600,0,15-10-2025 09:16:45,15-10-2025 09:16:45,SENSEX 16OCT2025 CE 81900,15-10-2025 09:16:45,01-01-1970 00:00:00,,,SingleOrderLeg,0,False,,,9004,4,0,0,0,SENSEX,2025-10-16
2,ITC2317,ITC2317,1210064715,,TWS,1760499900006426786,NORMAL,BSEFO,875652,BUY,Limit,NRML,EOS,648.25,600,0,Filled,648.25,0,600,0,15-10-2025 09:16:52,15-10-2025 09:17:01,SENSEX 16OCT2025 CE 81800,15-10-2025 09:17:01,01-01-1970 00:00:00,,,SingleOrderLeg,0,False,,,9004,4,0,0,0,SENSEX,2025-10-16
3,ITC2317,ITC2317,1210064717,,TWS,1760499900006356853,NORMAL,BSEFO,873713,SELL,Limit,NRML,EOS,568.8,600,0,Filled,569.695,0,600,0,15-10-2025 09:16:54,15-10-2025 09:16:55,SENSEX 16OCT2025 CE 81900,15-10-2025 09:16:55,01-01-1970 00:00:00,,,SingleOrderLeg,0,False,,,9004,4,0,0,0,SENSEX,2025-10-16
6,ITC2317,ITC2317,1210068751,,TWS,1760499900006581707,NORMAL,BSEFO,875652,BUY,Limit,NRML,EOS,680.0,600,0,Filled,675.2766666666666,0,600,0,15-10-2025 09:17:32,15-10-2025 09:17:32,SENSEX 16OCT2025 CE 81800,15-10-2025 09:17:32,01-01-1970 00:00:00,,,SingleOrderLeg,0,False,,,9004,4,0,0,0,SENSEX,2025-10-16
7,ITC2317,ITC2317,1210068765,,TWS,1760499900006514539,NORMAL,BSEFO,873713,SELL,Limit,NRML,EOS,599.0,20,0,Filled,599.7,0,20,0,15-10-2025 09:17:37,15-10-2025 09:17:38,SENSEX 16OCT2025 CE 81900,15-10-2025 09:17:37,01-01-1970 00:00:00,,,SingleOrderLeg,0,False,,,9004,4,0,0,0,SENSEX,2025-10-16
8,ITC2317,ITC2317,1210068795,,TWS,1760499900006613000,NORMAL,BSEFO,873713,SELL,Limit,NRML,EOS,613.8,600,0,Filled,613.8,0,600,0,15-10-2025 09:17:58,15-10-2025 09:17:59,SENSEX 16OCT2025 CE 81900,15-10-2025 09:17:59,01-01-1970 00:00:00,,,SingleOrderLeg,0,False,,,9004,4,0,0,0,SENSEX,2025-10-16
9,ITC2317,ITC2317,1210068798,,TWS,1760499900006628253,NORMAL,BSEFO,873713,SELL,Limit,NRML,EOS,614.0,300,0,Filled,616.5233333333333,0,300,0,15-10-2025 09:18:01,15-10-2025 09:18:02,SENSEX 16OCT2025 CE 81900,15-10-2025 09:18:02,01-01-1970 00:00:00,,,SingleOrderLeg,0,False,,,9004,4,0,0,0,SENSEX,2025-10-16
10,ITC2317,ITC2317,1210068803,,TWS,1760499900006644435,NORMAL,BSEFO,873713,BUY,Limit,NRML,EOS,622.25,20,0,Filled,622.25,0,20,0,15-10-2025 09:18:06,15-10-2025 09:18:07,SENSEX 16OCT2025 CE 81900,15-10-2025 09:18:06,01-01-1970 00:00:00,,,SingleOrderLeg,0,False,,,9004,4,0,0,0,SENSEX,2025-10-16
11,ITC2317,ITC2317,1210068804,,TWS,1760499900006790671,NORMAL,BSEFO,875652,BUY,Limit,NRML,EOS,703.85,300,0,Filled,703.39,0,300,0,15-10-2025 09:18:10,15-10-2025 09:18:11,SENSEX 16OCT2025 CE 81800,15-10-2025 09:18:10,01-01-1970 00:00:00,,,SingleOrderLeg,0,False,,,9004,4,0,0,0,SENSEX,2025-10-16
12,ITC2317,ITC2317,1210071283,,TWS,1760500349891470745,NORMAL,BSEFO,875781,BUY,Limit,NRML,EOS,159.0,600,0,Filled,159,0,600,0,15-10-2025 09:24:15,15-10-2025 09:24:18,SENSEX 16OCT2025 CE 82600,15-10-2025 09:24:17,01-01-1970 00:00:00,,,SingleOrderLeg,0,False,,,9004,4,0,0,0,SENSEX,2025-10-16
13,ITC2317,ITC2317,1210071295,,TWS,1760500354278395071,NORMAL,BSEFO,873838,SELL,Limit,NRML,EOS,120.0,600,0,Filled,122.035,0,600,0,15-10-2025 09:24:21,15-10-2025 09:24:21,SENSEX 16OCT2025 CE 82700,15-10-2025 09:24:21,01-01-1970 00:00:00,,,SingleOrderLeg,0,False,,,9004,4,0,0,0,SENSEX,2025-10-16
14,ITC2317,ITC2317,1210071303,,TWS,1760500349891512757,NORMAL,BSEFO,875781,BUY,Limit,NRML,EOS,162.9,600,0,Filled,161.94666666666666,0,600,0,15-10-2025 09:24:28,15-10-2025 09:24:28,SENSEX 16OCT2025 CE 82600,15-10-2025 09:24:28,01-01-1970 00:00:00,,,SingleOrderLeg,0,False,,,9004,4,0,0,0,SENSEX,2025-10-16
15,ITC2317,ITC2317,1210071310,,TWS,1760500354278430215,NORMAL,BSEFO,873838,SELL,Limit,NRML,EOS,120.0,600,0,Filled,120.44166666666666,0,600,0,15-10-2025 09:24:31,15-10-2025 09:24:39,SENSEX 16OCT2025 CE 82700,15-10-2025 09:24:39,01-01-0001 00:00:00,,,SingleOrderLeg,0,False,,,9004,4,0,0,0,SENSEX,2025-10-16
16,ITC2317,ITC2317,1210071333,,TWS,1760500349891583718,NORMAL,BSEFO,875781,BUY,Limit,NRML,EOS,162.0,600,0,Filled,161.59333333333333,0,600,0,15-10-2025 09:24:47,15-10-2025 09:24:48,SENSEX 16OCT2025 CE 82600,15-10-2025 09:24:48,01-01-1970 00:00:00,,,SingleOrderLeg,0,False,,,9004,4,0,0,0,SENSEX,2025-10-16
17,ITC2317,ITC2317,1210071345,,TWS,1760500354278510376,NORMAL,BSEFO,873838,SELL,Limit,NRML,EOS,120.0,600,0,Filled,122.48833333333333,0,600,0,15-10-2025 09:24:51,15-10-2025 09:24:52,SENSEX 16OCT2025 CE 82700,15-10-2025 09:24:51,01-01-1970 00:00:00,,,SingleOrderLeg,0,False,,,9004,4,0,0,0,SENSEX,2025-10-16
18,ITC2317,ITC2317,1210071360,,TWS,1760500349891606633,NORMAL,BSEFO,875781,BUY,Limit,NRML,EOS,160.45,300,0,Filled,160.45,0,300,0,15-10-2025 09:24:54,15-10-2025 09:24:57,SENSEX 16OCT2025 CE 82600,15-10-2025 09:24:56,01-01-1970 00:00:00,,,SingleOrderLeg,0,False,,,9004,4,0,0,0,SENSEX,2025-10-16
19,ITC2317,ITC2317,1210071363,,TWS,1760500354278533747,NORMAL,BSEFO,873838,SELL,Limit,NRML,EOS,121.05,300,0,Filled,121.05,0,300,0,15-10-2025 09:24:59,15-10-2025 09:25:00,SENSEX 16OCT2025 CE 82700,15-10-2025 09:25:00,01-01-1970 00:00:00,,,SingleOrderLeg,0,False,,,9004,4,0,0,0,SENSEX,2025-10-16
20,ITC2317,ITC2317,1210072592,,TWS,1760500630977585729,NORMAL,BSEFO,875578,SELL,Limit,NRML,EOS,75.4,300,0,Filled,75.83,0,300,0,15-10-2025 09:30:42,15-10-2025 09:30:42,SENSEX 16OCT2025 PE 82000,15-10-2025 09:30:42,01-01-1970 00:00:00,,,SingleOrderLeg,0,False,,,9004,4,0,0,0,SENSEX,2025-10-16
21,ITC2317,ITC2317,1210072598,,TWS,1760500488950019777,NORMAL,BSEFO,875777,BUY,Limit,NRML,EOS,2.7,300,0,Filled,2.7,0,300,0,15-10-2025 09:30:55,15-10-2025 09:30:56,SENSEX 16OCT2025 PE 78000,15-10-2025 09:30:55,01-01-1970 00:00:00,,,SingleOrderLeg,0,False,,,9004,4,0,0,0,SENSEX,2025-10-16
22,ITC2317,ITC2317,1210073023,,TWS,1760501344379058684,NORMAL,BSEFO,873838,BUY,Limit,NRML,EOS,95.0,600,0,Filled,94.895,0,600,0,15-10-2025 09:39:20,15-10-2025 09:39:20,SENSEX 16OCT2025 CE 82700,15-10-2025 09:39:20,01-01-1970 00:00:00,,,SingleOrderLeg,0,False,,,9004,4,0,0,0,SENSEX,2025-10-16
23,ITC2317,ITC2317,1210073035,,TWS,1760501272604343953,NORMAL,BSEFO,875781,SELL,Limit,NRML,EOS,127.15,600,0,Filled,127.15,0,600,0,15-10-2025 09:39:22,15-10-2025 09:39:25,SENSEX 16OCT2025 CE 82600,15-10-2025 09:39:24,01-01-1970 00:00:00,,,SingleOrderLeg,0,False,,,9004,4,0,0,0,SENSEX,2025-10-16
24,ITC2317,ITC2317,1210073091,,TWS,1760501344379175391,NORMAL,BSEFO,873838,BUY,Limit,NRML,EOS,95.15,600,0,Filled,88.70666666666666,0,600,0,15-10-2025 09:39:48,15-10-2025 09:39:49,SENSEX 16OCT2025 CE 82700,15-10-2025 09:39:48,01-01-1970 00:00:00,,,SingleOrderLeg,0,False,,,9004,4,0,0,0,SENSEX,2025-10-16
25,ITC2317,ITC2317,1210073102,,TWS,1760501272604464994,NORMAL,BSEFO,875781,SELL,Limit,NRML,EOS,119.0,600,0,Filled,120.15,0,600,0,15-10-2025 09:39:52,15-10-2025 09:39:53,SENSEX 16OCT2025 CE 82600,15-10-2025 09:39:52,01-01-1970 00:00:00,,,SingleOrderLeg,0,False,,,9004,4,0,0,0,SENSEX,2025-10-16
27,ITC2317,ITC2317,1210073278,,TWS,1760501344379516781,NORMAL,BSEFO,873838,BUY,Limit,NRML,EOS,91.55,600,0,Filled,91.305,0,600,0,15-10-2025 09:41:22,15-10-2025 09:41:23,SENSEX 16OCT2025 CE 82700,15-10-2025 09:41:23,01-01-1970 00:00:00,,,SingleOrderLeg,0,False,,,9004,4,0,0,0,SENSEX,2025-10-16
28,ITC2317,ITC2317,1210073280,,TWS,1760501272604912283,NORMAL,BSEFO,875781,SELL,Limit,NRML,EOS,123.2,600,0,Filled,123.2,0,600,0,15-10-2025 09:41:25,15-10-2025 09:41:27,SENSEX 16OCT2025 CE 82600,15-10-2025 09:41:27,01-01-1970 00:00:00,,,SingleOrderLeg,0,False,,,9004,4,0,0,0,SENSEX,2025-10-16
29,ITC2317,ITC2317,1210073293,,TWS,1760501344379563779,NORMAL,BSEFO,873838,BUY,Limit,NRML,EOS,91.65,300,0,Filled,91.65,0,300,0,15-10-2025 09:41:33,15-10-2025 09:41:33,SENSEX 16OCT2025 CE 82700,15-10-2025 09:41:33,01-01-1970 00:00:00,,,SingleOrderLeg,0,False,,,9004,4,0,0,0,SENSEX,2025-10-16
30,ITC2317,ITC2317,1210073301,,TWS,1760501491078021143,NORMAL,BSEFO,875781,SELL,Limit,NRML,EOS,115.0,300,0,Filled,119.11333333333333,0,300,0,15-10-2025 09:41:37,15-10-2025 09:41:46,SENSEX 16OCT2025 CE 82600,15-10-2025 09:41:45,01-01-0001 00:00:00,,,SingleOrderLeg,0,False,,,9004,4,0,0,0,SENSEX,2025-10-16
31,ITC2317,ITC2317,1210075315,,TWS,1760503877285647630,NORMAL,BSEFO,875781,BUY,Limit,NRML,EOS,175.3,600,0,Filled,175.3,0,600,0,15-10-2025 10:24:01,15-10-2025 10:24:03,SENSEX 16OCT2025 CE 82600,15-10-2025 10:24:03,01-01-1970 00:00:00,,,SingleOrderLeg,0,False,,,9004,4,0,0,0,SENSEX,2025-10-16
32,ITC2317,ITC2317,1210075319,,TWS,1760503894615601808,NORMAL,BSEFO,873838,SELL,Limit,NRML,EOS,131.6,600,0,Filled,131.84833333333333,0,600,0,15-10-2025 10:24:08,15-10-2025 10:24:09,SENSEX 16OCT2025 CE 82700,15-10-2025 10:24:08,01-01-1970 00:00:00,,,SingleOrderLeg,0,False,,,9004,4,0,0,0,SENSEX,2025-10-16
33,ITC2317,ITC2317,1210075326,,TWS,1760503877285699915,NORMAL,BSEFO,875781,BUY,Limit,NRML,EOS,174.65,500,0,Filled,174.65,0,500,0,15-10-2025 10:24:17,15-10-2025 10:24:24,SENSEX 16OCT2025 CE 82600,15-10-2025 10:24:24,01-01-1970 00:00:00,,,SingleOrderLeg,0,False,,,9004,4,0,0,0,SENSEX,2025-10-16
34,ITC2317,ITC2317,1210075335,,TWS,1760503894615663157,NORMAL,BSEFO,873838,SELL,Limit,NRML,EOS,131.85,500,0,Filled,132.056,0,500,0,15-10-2025 10:24:28,15-10-2025 10:24:29,SENSEX 16OCT2025 CE 82700,15-10-2025 10:24:28,01-01-1970 00:00:00,,,SingleOrderLeg,0,False,,,9004,4,0,0,0,SENSEX,2025-10-16
36,ITC2317,ITC2317,1210075379,,TWS,1760503889197909931,NORMAL,BSEFO,873802,SELL,Limit,NRML,EOS,155.0,100,0,Filled,159.1,0,100,0,15-10-2025 10:25:14,15-10-2025 10:25:15,SENSEX 16OCT2025 PE 82400,15-10-2025 10:25:15,01-01-1970 00:00:00,,,SingleOrderLeg,0,False,,,9004,4,0,0,0,SENSEX,2025-10-16
37,ITC2317,ITC2317,1210075392,,TWS,1760503735025539382,NORMAL,BSEFO,875777,BUY,Limit,NRML,EOS,2.6,1000,0,Filled,2.6,0,1000,0,15-10-2025 10:25:29,15-10-2025 10:25:30,SENSEX 16OCT2025 PE 78000,15-10-2025 10:25:29,01-01-1970 00:00:00,,,SingleOrderLeg,0,False,,,9004,4,0,0,0,SENSEX,2025-10-16
38,ITC2317,ITC2317,1210075393,,TWS,1760503735025539383,NORMAL,BSEFO,875777,BUY,Limit,NRML,EOS,2.6,100,0,Filled,2.6,0,100,0,15-10-2025 10:25:29,15-10-2025 10:25:30,SENSEX 16OCT2025 PE 78000,15-10-2025 10:25:29,01-01-1970 00:00:00,,,SingleOrderLeg,0,False,,,9004,4,0,0,0,SENSEX,2025-10-16
39,ITC2317,ITC2317,1210075417,,TWS,1760504133451008152,NORMAL,BSEFO,873802,SELL,Limit,NRML,EOS,160.0,600,0,Filled,160.445,0,600,0,15-10-2025 10:25:35,15-10-2025 10:25:43,SENSEX 16OCT2025 PE 82400,15-10-2025 10:25:43,01-01-0001 00:00:00,,,SingleOrderLeg,0,False,,,9004,4,0,0,0,SENSEX,2025-10-16
40,ITC2317,ITC2317,1210075433,,TWS,1760504133451043497,NORMAL,BSEFO,873802,SELL,Limit,NRML,EOS,160.75,400,0,Filled,161.2675,0,400,0,15-10-2025 10:25:47,15-10-2025 10:25:48,SENSEX 16OCT2025 PE 82400,15-10-2025 10:25:47,01-01-1970 00:00:00,,,SingleOrderLeg,0,False,,,9004,4,0,0,0,SENSEX,2025-10-16
41,ITC2317,ITC2317,1210075531,,TWS,1760504014565229887,NORMAL,BSEFO,875615,BUY,Limit,NRML,EOS,4.95,1000,0,Filled,4.95,0,1000,0,15-10-2025 10:28:08,15-10-2025 10:28:09,SENSEX 16OCT2025 PE 80000,15-10-2025 10:28:08,01-01-1970 00:00:00,,,SingleOrderLeg,0,False,,,9004,4,0,0,0,SENSEX,2025-10-16
42,ITC2317,ITC2317,1210075532,,TWS,1760504014565229890,NORMAL,BSEFO,875615,BUY,Limit,NRML,EOS,4.95,1000,0,Filled,4.95,0,1000,0,15-10-2025 10:28:08,15-10-2025 10:28:09,SENSEX 16OCT2025 PE 80000,15-10-2025 10:28:08,01-01-1970 00:00:00,,,SingleOrderLeg,0,False,,,9004,4,0,0,0,SENSEX,2025-10-16
43,ITC2317,ITC2317,1210075533,,TWS,1760504014565229892,NORMAL,BSEFO,875615,BUY,Limit,NRML,EOS,4.95,1000,0,Filled,4.95,0,1000,0,15-10-2025 10:28:08,15-10-2025 10:28:09,SENSEX 16OCT2025 PE 80000,15-10-2025 10:28:08,01-01-1970 00:00:00,,,SingleOrderLeg,0,False,,,9004,4,0,0,0,SENSEX,2025-10-16
44,ITC2317,ITC2317,1210075534,,TWS,1760504014565229893,NORMAL,BSEFO,875615,BUY,Limit,NRML,EOS,4.95,500,0,Filled,4.95,0,500,0,15-10-2025 10:28:08,15-10-2025 10:28:09,SENSEX 16OCT2025 PE 80000,15-10-2025 10:28:08,01-01-1970 00:00:00,,,SingleOrderLeg,0,False,,,9004,4,0,0,0,SENSEX,2025-10-16
45,ITC2317,ITC2317,1210075539,,TWS,1760503735025651457,NORMAL,BSEFO,875777,SELL,Limit,NRML,EOS,2.6,1000,0,Filled,2.6,0,1000,0,15-10-2025 10:28:14,15-10-2025 10:28:15,SENSEX 16OCT2025 PE 78000,15-10-2025 10:28:14,01-01-1970 00:00:00,,,SingleOrderLeg,0,False,,,9004,4,0,0,0,SENSEX,2025-10-16
46,ITC2317,ITC2317,1210075540,,TWS,1760503735025651460,NORMAL,BSEFO,875777,SELL,Limit,NRML,EOS,2.6,1000,0,Filled,2.6,0,1000,0,15-10-2025 10:28:14,15-10-2025 10:28:15,SENSEX 16OCT2025 PE 78000,15-10-2025 10:28:14,01-01-1970 00:00:00,,,SingleOrderLeg,0,False,,,9004,4,0,0,0,SENSEX,2025-10-16
47,ITC2317,ITC2317,1210075541,,TWS,1760503735025651461,NORMAL,BSEFO,875777,SELL,Limit,NRML,EOS,2.6,1000,0,Filled,2.6,0,1000,0,15-10-2025 10:28:14,15-10-2025 10:28:15,SENSEX 16OCT2025 PE 78000,15-10-2025 10:28:14,01-01-1970 00:00:00,,,SingleOrderLeg,0,False,,,9004,4,0,0,0,SENSEX,2025-10-16
48,ITC2317,ITC2317,1210075542,,TWS,1760503735025651463,NORMAL,BSEFO,875777,SELL,Limit,NRML,EOS,2.6,500,0,Filled,2.6,0,500,0,15-10-2025 10:28:14,15-10-2025 10:28:15,SENSEX 16OCT2025 PE 78000,15-10-2025 10:28:14,01-01-1970 00:00:00,,,SingleOrderLeg,0,False,,,9004,4,0,0,0,SENSEX,2025-10-16
49,ITC2317,ITC2317,1210075765,,TWS,1760504516678115219,NORMAL,BSEFO,875578,BUY,Limit,NRML,EOS,58.5,300,0,Filled,58.4,0,300,0,15-10-2025 10:33:03,15-10-2025 10:33:04,SENSEX 16OCT2025 PE 82000,15-10-2025 10:33:04,01-01-1970 00:00:00,,,SingleOrderLeg,0,False,,,9004,4,0,0,0,SENSEX,2025-10-16
50,ITC2317,ITC2317,1210075767,,TWS,1760504363698661992,NORMAL,BSEFO,874567,SELL,Limit,NRML,EOS,199.1,300,0,Filled,199.1,0,300,0,15-10-2025 10:33:09,15-10-2025 10:33:10,SENSEX 16OCT2025 PE 82500,15-10-2025 10:33:10,01-01-1970 00:00:00,,,SingleOrderLeg,0,False,,,9004,4,0,0,0,SENSEX,2025-10-16
51,ITC2317,ITC2317,1210076069,,TWS,1760504834684394181,NORMAL,BSEFO,875781,BUY,Limit,NRML,EOS,193.4,600,0,Filled,193.4,0,600,0,15-10-2025 10:38:40,15-10-2025 10:38:43,SENSEX 16OCT2025 CE 82600,15-10-2025 10:38:42,01-01-1970 00:00:00,,,SingleOrderLeg,0,False,,,9004,4,0,0,0,SENSEX,2025-10-16
52,ITC2317,ITC2317,1210076078,,TWS,1760504737935601739,NORMAL,BSEFO,873838,SELL,Limit,NRML,EOS,147.05,600,0,Filled,147.05,0,600,0,15-10-2025 10:38:47,15-10-2025 10:38:53,SENSEX 16OCT2025 CE 82700,15-10-2025 10:38:52,01-01-1970 00:00:00,,,SingleOrderLeg,0,False,,,9004,4,0,0,0,SENSEX,2025-10-16
53,ITC2317,ITC2317,1210076100,,TWS,1760504737935630309,NORMAL,BSEFO,873838,BUY,Limit,NRML,EOS,146.05,600,0,Filled,146,0,600,0,15-10-2025 10:38:59,15-10-2025 10:38:59,SENSEX 16OCT2025 CE 82700,15-10-2025 10:38:59,01-01-1970 00:00:00,,,SingleOrderLeg,0,False,,,9004,4,0,0,0,SENSEX,2025-10-16
54,ITC2317,ITC2317,1210076124,,TWS,1760504834684562701,NORMAL,BSEFO,875781,BUY,Limit,NRML,EOS,197.35,400,0,Filled,197.12,0,400,0,15-10-2025 10:39:40,15-10-2025 10:39:40,SENSEX 16OCT2025 CE 82600,15-10-2025 10:39:40,01-01-1970 00:00:00,,,SingleOrderLeg,0,False,,,9004,4,0,0,0,SENSEX,2025-10-16
55,ITC2317,ITC2317,1210076140,,TWS,1760505034065051721,NORMAL,BSEFO,874567,BUY,Limit,NRML,EOS,177.3,600,0,Filled,172.44666666666666,0,600,0,15-10-2025 10:40:49,15-10-2025 10:40:50,SENSEX 16OCT2025 PE 82500,15-10-2025 10:40:50,01-01-1970 00:00:00,,,SingleOrderLeg,0,False,,,9004,4,0,0,0,SENSEX,2025-10-16
56,ITC2317,ITC2317,1210076150,,TWS,1760504935862269019,NORMAL,BSEFO,874271,SELL,Limit,NRML,EOS,217.85,600,0,Filled,222.96333333333334,0,600,0,15-10-2025 10:40:54,15-10-2025 10:40:55,SENSEX 16OCT2025 PE 82600,15-10-2025 10:40:55,01-01-1970 00:00:00,,,SingleOrderLeg,0,False,,,9004,4,0,0,0,SENSEX,2025-10-16
57,ITC2317,ITC2317,1210076159,,TWS,1760505034065110393,NORMAL,BSEFO,874567,BUY,Limit,NRML,EOS,181.4,1000,0,Filled,181.4,0,1000,0,15-10-2025 10:41:05,15-10-2025 10:41:09,SENSEX 16OCT2025 PE 82500,15-10-2025 10:41:08,01-01-1970 00:00:00,,,SingleOrderLeg,0,False,,,9004,4,0,0,0,SENSEX,2025-10-16
58,ITC2317,ITC2317,1210076160,,TWS,1760505034065110398,NORMAL,BSEFO,874567,BUY,Limit,NRML,EOS,181.4,800,0,Filled,181.4,0,800,0,15-10-2025 10:41:05,15-10-2025 10:41:12,SENSEX 16OCT2025 PE 82500,15-10-2025 10:41:11,01-01-1970 00:00:00,,,SingleOrderLeg,0,False,,,9004,4,0,0,0,SENSEX,2025-10-16
59,ITC2317,ITC2317,1210076165,,TWS,1760504935862337072,NORMAL,BSEFO,874271,SELL,Limit,NRML,EOS,225.95,1000,0,Filled,225.95,0,1000,0,15-10-2025 10:41:18,15-10-2025 10:41:27,SENSEX 16OCT2025 PE 82600,15-10-2025 10:41:27,01-01-1970 00:00:00,,,SingleOrderLeg,0,False,,,9004,4,0,0,0,SENSEX,2025-10-16
60,ITC2317,ITC2317,1210076166,,TWS,1760504935862337073,NORMAL,BSEFO,874271,SELL,Limit,NRML,EOS,223.0,800,0,Filled,224.06375,0,800,0,15-10-2025 10:41:18,15-10-2025 10:41:25,SENSEX 16OCT2025 PE 82600,15-10-2025 10:41:25,01-01-0001 00:00:00,,,SingleOrderLeg,0,False,,,9004,4,0,0,0,SENSEX,2025-10-16
61,ITC2317,ITC2317,1210076205,,TWS,1760504435031440719,NORMAL,BSEFO,876189,SELL,Limit,NRML,EOS,2.25,1000,0,Filled,2.25,0,1000,0,15-10-2025 10:42:53,15-10-2025 10:42:54,SENSEX 16OCT2025 CE 85000,15-10-2025 10:42:53,01-01-1970 00:00:00,,,SingleOrderLeg,0,False,,,9004,4,0,0,0,SENSEX,2025-10-16
62,ITC2317,ITC2317,1210076346,,TWS,1760505043447940111,NORMAL,BSEFO,873998,BUY,Limit,NRML,EOS,600.0,300,0,Filled,599.63,0,300,0,15-10-2025 10:46:36,15-10-2025 10:46:46,SENSEX 16OCT2025 CE 82000,15-10-2025 10:46:46,01-01-0001 00:00:00,,,SingleOrderLeg,0,False,,,9004,4,0,0,0,SENSEX,2025-10-16
63,ITC2317,ITC2317,1210076381,,TWS,1760505306708394387,NORMAL,BSEFO,874271,BUY,Limit,NRML,EOS,241.8,300,0,Filled,241.03333333333333,0,300,0,15-10-2025 10:47:16,15-10-2025 10:47:17,SENSEX 16OCT2025 PE 82600,15-10-2025 10:47:16,01-01-1970 00:00:00,,,SingleOrderLeg,0,False,,,9004,4,0,0,0,SENSEX,2025-10-16
64,ITC2317,ITC2317,1210076418,,TWS,1760505267077214165,NORMAL,BSEFO,875615,SELL,Limit,NRML,EOS,5.35,300,0,Filled,5.35,0,300,0,15-10-2025 10:48:15,15-10-2025 10:48:16,SENSEX 16OCT2025 PE 80000,15-10-2025 10:48:15,01-01-1970 00:00:00,,,SingleOrderLeg,0,False,,,9004,4,0,0,0,SENSEX,2025-10-16
65,ITC2317,ITC2317,1210076421,,TWS,1760504978458633600,NORMAL,BSEFO,876189,SELL,Limit,NRML,EOS,2.25,300,0,Filled,2.25,0,300,0,15-10-2025 10:48:20,15-10-2025 10:48:21,SENSEX 16OCT2025 CE 85000,15-10-2025 10:48:21,01-01-1970 00:00:00,,,SingleOrderLeg,0,False,,,9004,4,0,0,0,SENSEX,2025-10-16
66,ITC2317,ITC2317,1210076862,,TWS,1760506328188061139,NORMAL,BSEFO,873802,BUY,Limit,NRML,EOS,126.15,1000,0,Filled,125.838,0,1000,0,15-10-2025 11:02:34,15-10-2025 11:02:35,SENSEX 16OCT2025 PE 82400,15-10-2025 11:02:35,01-01-1970 00:00:00,,,SingleOrderLeg,0,False,,,9004,4,0,0,0,SENSEX,2025-10-16
67,ITC2317,ITC2317,1210076863,,TWS,1760506328188061164,NORMAL,BSEFO,873802,BUY,Limit,NRML,EOS,126.15,100,0,Filled,125.9,0,100,0,15-10-2025 11:02:34,15-10-2025 11:02:35,SENSEX 16OCT2025 PE 82400,15-10-2025 11:02:35,01-01-1970 00:00:00,,,SingleOrderLeg,0,False,,,9004,4,0,0,0,SENSEX,2025-10-16
68,ITC2317,ITC2317,1210076867,,TWS,1760506065280696767,NORMAL,BSEFO,875438,SELL,Limit,NRML,EOS,250.0,1000,0,Filled,250,0,1000,0,15-10-2025 11:02:42,15-10-2025 11:02:43,SENSEX 16OCT2025 PE 82700,15-10-2025 11:02:42,01-01-1970 00:00:00,,,SingleOrderLeg,0,False,,,9004,4,0,0,0,SENSEX,2025-10-16
69,ITC2317,ITC2317,1210076868,,TWS,1760506065280696771,NORMAL,BSEFO,875438,SELL,Limit,NRML,EOS,250.0,100,0,Filled,250,0,100,0,15-10-2025 11:02:42,15-10-2025 11:02:43,SENSEX 16OCT2025 PE 82700,15-10-2025 11:02:42,01-01-1970 00:00:00,,,SingleOrderLeg,0,False,,,9004,4,0,0,0,SENSEX,2025-10-16
70,ITC2317,ITC2317,1210080018,,TWS,1760507987417434439,NORMAL,BSEFO,875626,BUY,Limit,NRML,EOS,3.7,1000,0,Filled,3.7,0,1000,0,15-10-2025 11:33:35,15-10-2025 11:33:35,SENSEX 16OCT2025 CE 84000,15-10-2025 11:33:35,01-01-1970 00:00:00,,,SingleOrderLeg,0,False,,,9004,4,0,0,0,SENSEX,2025-10-16
71,ITC2317,ITC2317,1210080019,,TWS,1760507987417434441,NORMAL,BSEFO,875626,BUY,Limit,NRML,EOS,3.7,1000,0,Filled,3.7,0,1000,0,15-10-2025 11:33:35,15-10-2025 11:33:35,SENSEX 16OCT2025 CE 84000,15-10-2025 11:33:35,01-01-1970 00:00:00,,,SingleOrderLeg,0,False,,,9004,4,0,0,0,SENSEX,2025-10-16
72,ITC2317,ITC2317,1210080020,,TWS,1760507987417434450,NORMAL,BSEFO,875626,BUY,Limit,NRML,EOS,3.7,1000,0,Filled,3.7,0,1000,0,15-10-2025 11:33:35,15-10-2025 11:33:35,SENSEX 16OCT2025 CE 84000,15-10-2025 11:33:35,01-01-1970 00:00:00,,,SingleOrderLeg,0,False,,,9004,4,0,0,0,SENSEX,2025-10-16
73,ITC2317,ITC2317,1210080021,,TWS,1760507987417434468,NORMAL,BSEFO,875626,BUY,Limit,NRML,EOS,3.7,200,0,Filled,3.7,0,200,0,15-10-2025 11:33:35,15-10-2025 11:33:35,SENSEX 16OCT2025 CE 84000,15-10-2025 11:33:35,01-01-1970 00:00:00,,,SingleOrderLeg,0,False,,,9004,4,0,0,0,SENSEX,2025-10-16
74,ITC2317,ITC2317,1210080026,,TWS,1760507712810528699,NORMAL,BSEFO,876189,SELL,Limit,NRML,EOS,2.25,1000,0,Filled,2.25,0,1000,0,15-10-2025 11:33:40,15-10-2025 11:33:41,SENSEX 16OCT2025 CE 85000,15-10-2025 11:33:40,01-01-1970 00:00:00,,,SingleOrderLeg,0,False,,,9004,4,0,0,0,SENSEX,2025-10-16
75,ITC2317,ITC2317,1210080027,,TWS,1760507712810528701,NORMAL,BSEFO,876189,SELL,Limit,NRML,EOS,2.25,1000,0,Filled,2.25,0,1000,0,15-10-2025 11:33:40,15-10-2025 11:33:41,SENSEX 16OCT2025 CE 85000,15-10-2025 11:33:40,01-01-1970 00:00:00,,,SingleOrderLeg,0,False,,,9004,4,0,0,0,SENSEX,2025-10-16
76,ITC2317,ITC2317,1210080028,,TWS,1760507712810528703,NORMAL,BSEFO,876189,SELL,Limit,NRML,EOS,2.25,1000,0,Filled,2.25,0,1000,0,15-10-2025 11:33:40,15-10-2025 11:33:41,SENSEX 16OCT2025 CE 85000,15-10-2025 11:33:40,01-01-1970 00:00:00,,,SingleOrderLeg,0,False,,,9004,4,0,0,0,SENSEX,2025-10-16
77,ITC2317,ITC2317,1210080029,,TWS,1760507712810528711,NORMAL,BSEFO,876189,SELL,Limit,NRML,EOS,2.25,200,0,Filled,2.25,0,200,0,15-10-2025 11:33:40,15-10-2025 11:33:41,SENSEX 16OCT2025 CE 85000,15-10-2025 11:33:40,01-01-1970 00:00:00,,,SingleOrderLeg,0,False,,,9004,4,0,0,0,SENSEX,2025-10-16
78,ITC2317,ITC2317,1210080062,,TWS,1760508185544184451,NORMAL,BSEFO,873713,BUY,Limit,NRML,EOS,749.75,300,0,Filled,749.11,0,300,0,15-10-2025 11:34:36,15-10-2025 11:34:37,SENSEX 16OCT2025 CE 81900,15-10-2025 11:34:37,01-01-1970 00:00:00,,,SingleOrderLeg,0,False,,,9004,4,0,0,0,SENSEX,2025-10-16
79,ITC2317,ITC2317,1210080069,,TWS,1760508250710105338,NORMAL,BSEFO,874271,BUY,Limit,NRML,EOS,195.0,300,0,Filled,195,0,300,0,15-10-2025 11:34:56,15-10-2025 11:35:09,SENSEX 16OCT2025 PE 82600,15-10-2025 11:35:08,01-01-0001 00:00:00,,,SingleOrderLeg,0,False,,,9004,4,0,0,0,SENSEX,2025-10-16
80,ITC2317,ITC2317,1210080103,,TWS,1760507995252328467,NORMAL,BSEFO,875615,SELL,Limit,NRML,EOS,5.6,300,0,Filled,5.6,0,300,0,15-10-2025 11:35:25,15-10-2025 11:35:25,SENSEX 16OCT2025 PE 80000,15-10-2025 11:35:25,01-01-1970 00:00:00,,,SingleOrderLeg,0,False,,,9004,4,0,0,0,SENSEX,2025-10-16
81,ITC2317,ITC2317,1210080113,,TWS,1760507987417437872,NORMAL,BSEFO,875626,SELL,Limit,NRML,EOS,3.55,300,0,Filled,3.55,0,300,0,15-10-2025 11:35:31,15-10-2025 11:35:32,SENSEX 16OCT2025 CE 84000,15-10-2025 11:35:31,01-01-1970 00:00:00,,,SingleOrderLeg,0,False,,,9004,4,0,0,0,SENSEX,2025-10-16
82,ITC2317,ITC2317,1210085827,,TWS,1760514038428921094,NORMAL,BSEFO,873713,BUY,Limit,NRML,EOS,846.35,300,0,Filled,844.6,0,300,0,15-10-2025 13:21:20,15-10-2025 13:21:20,SENSEX 16OCT2025 CE 81900,15-10-2025 13:21:20,01-01-1970 00:00:00,,,SingleOrderLeg,0,False,,,9004,4,0,0,0,SENSEX,2025-10-16
83,ITC2317,ITC2317,1210085834,,TWS,1760514453853677491,NORMAL,BSEFO,874271,BUY,Limit,NRML,EOS,135.15,300,0,Filled,135.15,0,300,0,15-10-2025 13:21:39,15-10-2025 13:21:40,SENSEX 16OCT2025 PE 82600,15-10-2025 13:21:40,01-01-1970 00:00:00,,,SingleOrderLeg,0,False,,,9004,4,0,0,0,SENSEX,2025-10-16
84,ITC2317,ITC2317,1210085847,,TWS,1760513884823596340,NORMAL,BSEFO,875615,SELL,Limit,NRML,EOS,5.55,300,0,Filled,5.55,0,300,0,15-10-2025 13:22:05,15-10-2025 13:22:05,SENSEX 16OCT2025 PE 80000,15-10-2025 13:22:05,01-01-1970 00:00:00,,,SingleOrderLeg,0,False,,,9004,4,0,0,0,SENSEX,2025-10-16
85,ITC2317,ITC2317,1210085849,,TWS,1760514218580693460,NORMAL,BSEFO,875626,SELL,Limit,NRML,EOS,3.6,300,0,Filled,3.6,0,300,0,15-10-2025 13:22:10,15-10-2025 13:22:11,SENSEX 16OCT2025 CE 84000,15-10-2025 13:22:10,01-01-1970 00:00:00,,,SingleOrderLeg,0,False,,,9004,4,0,0,0,SENSEX,2025-10-16
86,ITC2317,ITC2317,1210086185,,TWS,1760514755697410799,NORMAL,BSEFO,873724,BUY,Limit,NRML,EOS,6.2,1000,0,Filled,6.2,0,1000,0,15-10-2025 13:28:56,15-10-2025 13:28:57,SENSEX 16OCT2025 CE 83600,15-10-2025 13:28:57,01-01-1970 00:00:00,,,SingleOrderLeg,0,False,,,9004,4,0,0,0,SENSEX,2025-10-16
87,ITC2317,ITC2317,1210086186,,TWS,1760514755697410802,NORMAL,BSEFO,873724,BUY,Limit,NRML,EOS,6.2,1000,0,Filled,6.2,0,1000,0,15-10-2025 13:28:56,15-10-2025 13:28:57,SENSEX 16OCT2025 CE 83600,15-10-2025 13:28:57,01-01-1970 00:00:00,,,SingleOrderLeg,0,False,,,9004,4,0,0,0,SENSEX,2025-10-16
88,ITC2317,ITC2317,1210086187,,TWS,1760514755697410803,NORMAL,BSEFO,873724,BUY,Limit,NRML,EOS,6.2,600,0,Filled,6.2,0,600,0,15-10-2025 13:28:56,15-10-2025 13:28:57,SENSEX 16OCT2025 CE 83600,15-10-2025 13:28:57,01-01-1970 00:00:00,,,SingleOrderLeg,0,False,,,9004,4,0,0,0,SENSEX,2025-10-16
89,ITC2317,ITC2317,1210086190,,TWS,1760514663843795264,NORMAL,BSEFO,875626,SELL,Limit,NRML,EOS,3.65,1000,0,Filled,3.65,0,1000,0,15-10-2025 13:29:02,15-10-2025 13:29:02,SENSEX 16OCT2025 CE 84000,15-10-2025 13:29:02,01-01-1970 00:00:00,,,SingleOrderLeg,0,False,,,9004,4,0,0,0,SENSEX,2025-10-16
90,ITC2317,ITC2317,1210086191,,TWS,1760514663843795265,NORMAL,BSEFO,875626,SELL,Limit,NRML,EOS,3.65,1000,0,Filled,3.65,0,1000,0,15-10-2025 13:29:02,15-10-2025 13:29:02,SENSEX 16OCT2025 CE 84000,15-10-2025 13:29:02,01-01-1970 00:00:00,,,SingleOrderLeg,0,False,,,9004,4,0,0,0,SENSEX,2025-10-16
91,ITC2317,ITC2317,1210086192,,TWS,1760514663843795266,NORMAL,BSEFO,875626,SELL,Limit,NRML,EOS,3.65,600,0,Filled,3.65,0,600,0,15-10-2025 13:29:02,15-10-2025 13:29:02,SENSEX 16OCT2025 CE 84000,15-10-2025 13:29:02,01-01-1970 00:00:00,,,SingleOrderLeg,0,False,,,9004,4,0,0,0,SENSEX,2025-10-16
95,ITC2317,ITC2317,1210086322,,TWS,1760515061962326076,NORMAL,BSEFO,875626,BUY,Limit,NRML,EOS,3.7,1000,0,Filled,3.7,0,1000,0,15-10-2025 13:30:21,15-10-2025 13:30:21,SENSEX 16OCT2025 CE 84000,15-10-2025 13:30:21,01-01-1970 00:00:00,,,SingleOrderLeg,0,False,,,9004,4,0,0,0,SENSEX,2025-10-16
96,ITC2317,ITC2317,1210086323,,TWS,1760515061962326079,NORMAL,BSEFO,875626,BUY,Limit,NRML,EOS,3.7,1000,0,Filled,3.7,0,1000,0,15-10-2025 13:30:21,15-10-2025 13:30:21,SENSEX 16OCT2025 CE 84000,15-10-2025 13:30:21,01-01-1970 00:00:00,,,SingleOrderLeg,0,False,,,9004,4,0,0,0,SENSEX,2025-10-16
97,ITC2317,ITC2317,1210086324,,TWS,1760515061962326083,NORMAL,BSEFO,875626,BUY,Limit,NRML,EOS,3.7,600,0,Filled,3.7,0,600,0,15-10-2025 13:30:21,15-10-2025 13:30:21,SENSEX 16OCT2025 CE 84000,15-10-2025 13:30:21,01-01-1970 00:00:00,,,SingleOrderLeg,0,False,,,9004,4,0,0,0,SENSEX,2025-10-16
98,ITC2317,ITC2317,1210086328,,TWS,1760514755697534308,NORMAL,BSEFO,873724,SELL,Limit,NRML,EOS,5.95,1000,0,Filled,5.95,0,1000,0,15-10-2025 13:30:26,15-10-2025 13:30:26,SENSEX 16OCT2025 CE 83600,15-10-2025 13:30:26,01-01-1970 00:00:00,,,SingleOrderLeg,0,False,,,9004,4,0,0,0,SENSEX,2025-10-16
99,ITC2317,ITC2317,1210086329,,TWS,1760514755697534309,NORMAL,BSEFO,873724,SELL,Limit,NRML,EOS,5.95,1000,0,Filled,5.95,0,1000,0,15-10-2025 13:30:26,15-10-2025 13:30:26,SENSEX 16OCT2025 CE 83600,15-10-2025 13:30:26,01-01-1970 00:00:00,,,SingleOrderLeg,0,False,,,9004,4,0,0,0,SENSEX,2025-10-16
100,ITC2317,ITC2317,1210086330,,TWS,1760514755697534319,NORMAL,BSEFO,873724,SELL,Limit,NRML,EOS,5.95,600,0,Filled,5.95,0,600,0,15-10-2025 13:30:26,15-10-2025 13:30:26,SENSEX 16OCT2025 CE 83600,15-10-2025 13:30:26,01-01-1970 00:00:00,,,SingleOrderLeg,0,False,,,9004,4,0,0,0,SENSEX,2025-10-16
101,ITC2317,ITC2317,1210086352,,TWS,1760514528370960519,NORMAL,BSEFO,874620,BUY,Limit,NRML,EOS,6.8,1000,0,Filled,6.75,0,1000,0,15-10-2025 13:30:52,15-10-2025 13:30:52,SENSEX 16OCT2025 PE 80500,15-10-2025 13:30:52,01-01-1970 00:00:00,,,SingleOrderLeg,0,False,,,9004,4,0,0,0,SENSEX,2025-10-16
102,ITC2317,ITC2317,1210086353,,TWS,1760514528370960525,NORMAL,BSEFO,874620,BUY,Limit,NRML,EOS,6.8,1000,0,Filled,6.78,0,1000,0,15-10-2025 13:30:52,15-10-2025 13:30:52,SENSEX 16OCT2025 PE 80500,15-10-2025 13:30:52,01-01-1970 00:00:00,,,SingleOrderLeg,0,False,,,9004,4,0,0,0,SENSEX,2025-10-16
103,ITC2317,ITC2317,1210086354,,TWS,1760514528370960534,NORMAL,BSEFO,874620,BUY,Limit,NRML,EOS,6.8,600,0,Filled,6.8,0,600,0,15-10-2025 13:30:52,15-10-2025 13:30:52,SENSEX 16OCT2025 PE 80500,15-10-2025 13:30:52,01-01-1970 00:00:00,,,SingleOrderLeg,0,False,,,9004,4,0,0,0,SENSEX,2025-10-16
104,ITC2317,ITC2317,1210086363,,TWS,1760515090359109722,NORMAL,BSEFO,875615,SELL,Limit,NRML,EOS,5.6,1000,0,Filled,5.6,0,1000,0,15-10-2025 13:31:01,15-10-2025 13:31:02,SENSEX 16OCT2025 PE 80000,15-10-2025 13:31:01,01-01-1970 00:00:00,,,SingleOrderLeg,0,False,,,9004,4,0,0,0,SENSEX,2025-10-16
105,ITC2317,ITC2317,1210086364,,TWS,1760515090359109729,NORMAL,BSEFO,875615,SELL,Limit,NRML,EOS,5.6,1000,0,Filled,5.6,0,1000,0,15-10-2025 13:31:01,15-10-2025 13:31:02,SENSEX 16OCT2025 PE 80000,15-10-2025 13:31:01,01-01-1970 00:00:00,,,SingleOrderLeg,0,False,,,9004,4,0,0,0,SENSEX,2025-10-16
106,ITC2317,ITC2317,1210086365,,TWS,1760515090359109730,NORMAL,BSEFO,875615,SELL,Limit,NRML,EOS,5.6,600,0,Filled,5.6,0,600,0,15-10-2025 13:31:01,15-10-2025 13:31:02,SENSEX 16OCT2025 PE 80000,15-10-2025 13:31:01,01-01-1970 00:00:00,,,SingleOrderLeg,0,False,,,9004,4,0,0,0,SENSEX,2025-10-16
107,ITC2317,ITC2317,1210090363,,TWS,1760520655789860376,NORMAL,BSEFO,875438,BUY,Limit,NRML,EOS,235.0,1000,0,Filled,223.315,0,1000,0,15-10-2025 15:05:19,15-10-2025 15:05:20,SENSEX 16OCT2025 PE 82700,15-10-2025 15:05:19,01-01-1970 00:00:00,,,SingleOrderLeg,0,False,,,9004,4,0,0,0,SENSEX,2025-10-16
108,ITC2317,ITC2317,1210090364,,TWS,1760520655789860379,NORMAL,BSEFO,875438,BUY,Limit,NRML,EOS,235.0,100,0,Filled,223.37,0,100,0,15-10-2025 15:05:19,15-10-2025 15:05:20,SENSEX 16OCT2025 PE 82700,15-10-2025 15:05:19,01-01-1970 00:00:00,,,SingleOrderLeg,0,False,,,9004,4,0,0,0,SENSEX,2025-10-16
109,ITC2317,ITC2317,1210090367,,TWS,1760520831923296155,NORMAL,BSEFO,874271,SELL,Limit,NRML,EOS,168.0,1000,0,Filled,168.649,0,1000,0,15-10-2025 15:05:25,15-10-2025 15:05:26,SENSEX 16OCT2025 PE 82600,15-10-2025 15:05:25,01-01-1970 00:00:00,,,SingleOrderLeg,0,False,,,9004,4,0,0,0,SENSEX,2025-10-16
110,ITC2317,ITC2317,1210090368,,TWS,1760520831923296156,NORMAL,BSEFO,874271,SELL,Limit,NRML,EOS,168.0,100,0,Filled,168.55,0,100,0,15-10-2025 15:05:25,15-10-2025 15:05:26,SENSEX 16OCT2025 PE 82600,15-10-2025 15:05:25,01-01-1970 00:00:00,,,SingleOrderLeg,0,False,,,9004,4,0,0,0,SENSEX,2025-10-16
111,ITC2317,ITC2317,1210091508,,TWS,1760521198159707469,NORMAL,BSEFO,874271,BUY,Limit,NRML,EOS,132.0,1000,0,Filled,131.944,0,1000,0,15-10-2025 15:14:28,15-10-2025 15:14:29,SENSEX 16OCT2025 PE 82600,15-10-2025 15:14:29,01-01-1970 00:00:00,,,SingleOrderLeg,0,False,,,9004,4,0,0,0,SENSEX,2025-10-16
112,ITC2317,ITC2317,1210091509,,TWS,1760521198159707471,NORMAL,BSEFO,874271,BUY,Limit,NRML,EOS,132.0,100,0,Filled,132,0,100,0,15-10-2025 15:14:28,15-10-2025 15:14:29,SENSEX 16OCT2025 PE 82600,15-10-2025 15:14:29,01-01-1970 00:00:00,,,SingleOrderLeg,0,False,,,9004,4,0,0,0,SENSEX,2025-10-16
113,ITC2317,ITC2317,1210091514,,TWS,1760521357205312651,NORMAL,BSEFO,875438,SELL,Limit,NRML,EOS,177.0,1000,0,Filled,177,0,1000,0,15-10-2025 15:14:35,15-10-2025 15:14:36,SENSEX 16OCT2025 PE 82700,15-10-2025 15:14:36,01-01-1970 00:00:00,,,SingleOrderLeg,0,False,,,9004,4,0,0,0,SENSEX,2025-10-16
114,ITC2317,ITC2317,1210091515,,TWS,1760521357205312654,NORMAL,BSEFO,875438,SELL,Limit,NRML,EOS,177.0,100,0,Filled,177,0,100,0,15-10-2025 15:14:35,15-10-2025 15:14:36,SENSEX 16OCT2025 PE 82700,15-10-2025 15:14:36,01-01-1970 00:00:00,,,SingleOrderLeg,0,False,,,9004,4,0,0,0,SENSEX,2025-10-16
120,ITC2317,ITC2317,1210091541,,TWS,1760521409931223361,NORMAL,BSEFO,874620,BUY,Limit,NRML,EOS,6.2,1000,0,Filled,6.2,0,1000,0,15-10-2025 15:16:00,15-10-2025 15:16:01,SENSEX 16OCT2025 PE 80500,15-10-2025 15:16:00,01-01-1970 00:00:00,,,SingleOrderLeg,0,False,,,9004,4,0,0,0,SENSEX,2025-10-16
121,ITC2317,ITC2317,1210091542,,TWS,1760521409931223377,NORMAL,BSEFO,874620,BUY,Limit,NRML,EOS,6.2,500,0,Filled,6.2,0,500,0,15-10-2025 15:16:00,15-10-2025 15:16:01,SENSEX 16OCT2025 PE 80500,15-10-2025 15:16:00,01-01-1970 00:00:00,,,SingleOrderLeg,0,False,,,9004,4,0,0,0,SENSEX,2025-10-16
122,ITC2317,ITC2317,1210091564,,TWS,1760521172700762948,NORMAL,BSEFO,873802,SELL,Limit,NRML,EOS,74.0,1000,0,Filled,75.965,0,1000,0,15-10-2025 15:16:20,15-10-2025 15:16:21,SENSEX 16OCT2025 PE 82400,15-10-2025 15:16:20,01-01-1970 00:00:00,,,SingleOrderLeg,0,False,,,9004,4,0,0,0,SENSEX,2025-10-16
123,ITC2317,ITC2317,1210091565,,TWS,1760521172700762973,NORMAL,BSEFO,873802,SELL,Limit,NRML,EOS,74.0,100,0,Filled,75.97,0,100,0,15-10-2025 15:16:20,15-10-2025 15:16:21,SENSEX 16OCT2025 PE 82400,15-10-2025 15:16:20,01-01-1970 00:00:00,,,SingleOrderLeg,0,False,,,9004,4,0,0,0,SENSEX,2025-10-16
124,ITC2317,ITC2317,1210091574,,TWS,1760521172700779250,NORMAL,BSEFO,873802,SELL,Limit,NRML,EOS,76.0,400,0,Filled,76.8,0,400,0,15-10-2025 15:16:28,15-10-2025 15:16:28,SENSEX 16OCT2025 PE 82400,15-10-2025 15:16:28,01-01-1970 00:00:00,,,SingleOrderLeg,0,False,,,9004,4,0,0,0,SENSEX,2025-10-16
125,ITC2317,ITC2317,1210093087,,TWS,1760522143021152160,NORMAL,BSEFO,874620,BUY,Limit,NRML,EOS,7.0,600,0,Filled,6.895,0,600,0,15-10-2025 15:29:10,15-10-2025 15:29:10,SENSEX 16OCT2025 PE 80500,15-10-2025 15:29:10,01-01-1970 00:00:00,,,SingleOrderLeg,0,False,,,9004,4,0,0,0,SENSEX,2025-10-16
126,ITC2317,ITC2317,1210093097,,TWS,1760521695814585794,NORMAL,BSEFO,873802,SELL,Limit,NRML,EOS,75.0,600,0,Filled,76.93,0,600,0,15-10-2025 15:29:15,15-10-2025 15:29:16,SENSEX 16OCT2025 PE 82400,15-10-2025 15:29:16,01-01-1970 00:00:00,,,SingleOrderLeg,0,False,,,9004,4,0,0,0,SENSEX,2025-10-16
