,LoginID,AccountID,TradingSymbol,ExchangeSegment,ExchangeInstrumentId,ProductType,Marketlot,Multiplier,BuyAveragePrice,SellAveragePrice,OpenBuyQuantity,OpenSellQuantity,Quantity,BuyAmount,SellAmount,NetAmount,UnrealizedMTM,RealizedMTM,MTM,BEP,SumOfTradedQuantityAndPriceBuy,SumOfTradedQuantityAndPriceSell,StatisticsLevel,IsInterOpPosition,ActualSellAmount,ActualSellAveragePrice,ActualBuyAmount,ActualBuyAveragePrice,SumOfTradedQuantityAndActualPriceBuy,SumOfTradedQuantityAndActualPriceSell,childPositions,MessageCode,MessageVersion,TokenID,ApplicationType,SequenceNumber
0,ITC2317,ITC2317,BANKNIFTY 28OCT2025 PE 50000,NSEFO,52909,NRML,35,1,8.85,8.05,1295,1295,0,11460.75,10424.750000000002,-1035.9999999999982,0.00,0.00,0.00,0.00,11460.75,10424.750000000002,ParentLevel,False,10424.750000000002,8.05,11525.5,8.9,11525.5,10424.750000000002,{},9002,1,0,0,0
1,ITC2317,ITC2317,BANKNIFTY 28OCT2025 CE 59000,NSEFO,53209,NRML,35,1,0,80.58720930232558,0,1505,-1505,0,121283.75,121283.75,0.00,0.00,0.00,0.00,0,121283.75,ParentLevel,False,121283.75,80.58720930232558,0.0,0.0,0.0,121283.75,{},9002,1,0,0,0
2,ITC2317,ITC2317,SENSEX 23OCT2025 PE 81000,BSEFO,878116,NRML,20,1,12.024444444444445,26.05,900,900,0,10822,23445,12623,0.00,0.00,0.00,0.00,10822,23445,ParentLevel,False,28458.0,31.62,10822.0,12.024444444444445,10822.0,28458.0,{},9002,1,0,0,0
3,ITC2317,ITC2317,SENSEX 23OCT2025 CE 87000,BSEFO,877888,NRML,20,1,3.9233333333333333,3.75,2700,800,1900,10593,3000,-7593,0.00,0.00,0.00,0.00,10593,3000,ParentLevel,False,3000.0,3.75,10593.0,3.9233333333333333,10593.0,3000.0,{},9002,1,0,0,0
4,ITC2317,ITC2317,SENSEX 23OCT2025 PE 83900,BSEFO,877954,NRML,20,1,125.56833333333333,364.75,600,600,0,75341,218850,143509,0.00,0.00,0.00,0.00,75341,218850,ParentLevel,False,213102.0,355.17,75341.0,125.56833333333333,75341.0,213102.0,{},9002,1,0,0,0
5,ITC2317,ITC2317,SENSEX 23OCT2025 PE 82500,BSEFO,878114,NRML,20,1,26.2,26.4,100,100,0,2620,2640,20,0.00,0.00,0.00,0.00,2620,2640,ParentLevel,False,2640.0,26.4,2620.0,26.2,2620.0,2640.0,{},9002,1,0,0,0
6,ITC2317,ITC2317,SENSEX 23OCT2025 CE 85100,BSEFO,878066,NRML,20,1,0,78.55111111111111,0,900,-900,0,70696,70696,0.00,0.00,0.00,0.00,0,70696,ParentLevel,False,70696.0,78.55111111111111,0.0,0.0,0.0,70696.0,{},9002,1,0,0,0
7,ITC2317,ITC2317,BANKNIFTY 28OCT2025 CE 59300,NSEFO,53332,NRML,35,1,0,50.15769230769231,0,910,-910,0,45643.5,45643.5,0.00,0.00,0.00,0.00,0,45643.5,ParentLevel,False,45643.5,50.15769230769231,0.0,0.0,0.0,45643.5,{},9002,1,0,0,0
8,ITC2317,ITC2317,BANKNIFTY 28OCT2025 CE 63000,NSEFO,54445,NRML,35,1,5.3931818181818185,4.05,770,770,0,4152.75,3118.5,-1034.25,0.00,0.00,0.00,0.00,4152.75,3118.5,ParentLevel,False,3118.5,4.05,4152.75,5.3931818181818185,4152.75,3118.5,{},9002,1,0,0,0
9,ITC2317,ITC2317,SENSEX 23OCT2025 CE 88500,BSEFO,879627,NRML,20,1,4.875,2.5,1800,1800,0,8775,4500,-4275,0.00,0.00,0.00,0.00,8775,4500,ParentLevel,False,4500.0,2.5,8775.0,4.875,8775.0,4500.0,{},9002,1,0,0,0
10,ITC2317,ITC2317,BANKNIFTY 28OCT2025 CE 58100,NSEFO,53157,NRML,35,1,302.3,335.29545454545456,770,770,0,232771,258177.5,25406.5,0.00,0.00,0.00,0.00,232771,258177.5,ParentLevel,False,258177.5,335.29545454545456,153607.30000000002,199.49,153607.30000000002,258177.5,{},9002,1,0,0,0
11,ITC2317,ITC2317,SENSEX 23OCT2025 CE 85000,BSEFO,877897,NRML,20,1,104.62222222222222,101.55333333333333,900,900,0,94160,91398,-2762,0.00,0.00,0.00,0.00,94160,91398,ParentLevel,False,91398.0,101.55333333333333,94160.0,104.62222222222222,94160.0,91398.0,{},9002,1,0,0,0
12,ITC2317,ITC2317,SENSEX 30OCT2025 PE 82000,BSEFO,861401,NRML,20,1,83,127.85,100,200,-100,8300,25570,17270,0.00,0.00,0.00,0.00,8300,25570,ParentLevel,False,24259.0,121.295,8300.0,83.0,8300.0,24259.0,{},9002,1,0,0,0
13,ITC2317,ITC2317,SENSEX 23OCT2025 CE 84000,BSEFO,877761,NRML,20,1,439.75,727.16,600,600,0,263850,436296,172446,0.00,0.00,0.00,0.00,263850,436296,ParentLevel,False,436296.0,727.16,265698.0,442.83,265698.0,436296.0,{},9002,1,0,0,0
14,ITC2317,ITC2317,BANKNIFTY 28OCT2025 CE 58000,NSEFO,53155,NRML,35,1,0,341.05,0,770,-770,0,262608.5,262608.5,0.00,0.00,0.00,0.00,0,262608.5,ParentLevel,False,176676.5,229.45,0.0,0.0,0.0,176676.5,{},9002,1,0,0,0
15,ITC2317,ITC2317,SENSEX 23OCT2025 CE 85500,BSEFO,877760,NRML,20,1,0,40.28,0,900,-900,0,36252,36252,0.00,0.00,0.00,0.00,0,36252,ParentLevel,False,36252.0,40.28,0.0,0.0,0.0,36252.0,{},9002,1,0,0,0
16,ITC2317,ITC2317,BANKNIFTY 28OCT2025 CE 61000,NSEFO,53844,NRML,35,1,7.05,0,770,0,770,5428.5,0,-5428.5,0.00,0.00,0.00,0.00,5428.5,0,ParentLevel,False,0.0,0.0,5428.5,7.05,5428.5,0.0,{},9002,1,0,0,0
17,ITC2317,ITC2317,BANKNIFTY 28OCT2025 PE 57700,NSEFO,53145,NRML,35,1,219.23918918918918,443.1,1295,1295,0,283914.75,573814.5,289899.75,0.00,0.00,0.00,0.00,283914.75,573814.5,ParentLevel,False,568103.55,438.69000000000005,283914.75,219.23918918918918,283914.75,568103.55,{},9002,1,0,0,0
18,ITC2317,ITC2317,BANKNIFTY 28OCT2025 CE 60000,NSEFO,53722,NRML,35,1,28.55,27.011363636363637,770,770,0,21983.5,20798.75,-1184.75,0.00,0.00,0.00,0.00,21983.5,20798.75,ParentLevel,False,20798.75,27.011363636363637,12966.8,16.84,12966.8,20798.75,{},9002,1,0,0,0
19,ITC2317,ITC2317,SENSEX 23OCT2025 CE 85600,BSEFO,877927,NRML,20,1,18,70.49388888888889,1800,1800,0,32400,126889,94489,0.00,0.00,0.00,0.00,32400,126889,ParentLevel,False,126889.0,70.49388888888889,32400.0,18.0,32400.0,126889.0,{},9002,1,0,0,0
20,ITC2317,ITC2317,SENSEX 30OCT2025 PE 82500,BSEFO,861312,NRML,20,1,0,106.12,0,100,-100,0,10612,10612,0.00,0.00,0.00,0.00,0,10612,ParentLevel,False,10612.0,106.12,0.0,0.0,0.0,10612.0,{},9002,1,0,0,0
21,ITC2317,ITC2317,BANKNIFTY 28OCT2025 CE 59100,NSEFO,53211,NRML,35,1,0,68.37307692307692,0,910,-910,0,62219.5,62219.5,0.00,0.00,0.00,0.00,0,62219.5,ParentLevel,False,62219.5,68.37307692307692,0.0,0.0,0.0,62219.5,{},9002,1,0,0,0
22,ITC2317,ITC2317,BANKNIFTY 28OCT2025 CE 58300,NSEFO,53177,NRML,35,1,249.675,234.55,770,770,0,192249.75,180603.5,-11646.25,0.00,0.00,0.00,0.00,192249.75,180603.5,ParentLevel,False,115161.2,149.56,192249.75,249.675,192249.75,115161.2,{},9002,1,0,0,0
23,ITC2317,ITC2317,SENSEX 30OCT2025 CE 84500,BSEFO,861289,NRML,20,1,0,469.65,0,100,-100,0,46965,46965,0.00,0.00,0.00,0.00,0,46965,ParentLevel,False,22857.0,228.57,0.0,0.0,0.0,22857.0,{},9002,1,0,0,0
24,ITC2317,ITC2317,BANKNIFTY 28OCT2025 CE 62000,NSEFO,54162,NRML,35,1,5.1489473684210525,0,3325,0,3325,17120.25,0,-17120.25,0.00,0.00,0.00,0.00,17120.25,0,ParentLevel,False,0.0,0.0,17120.25,5.1489473684210525,17120.25,0.0,{},9002,1,0,0,0
