,LoginID,ClientID,AppOrderID,OrderReferenceID,GeneratedBy,ExchangeOrderID,OrderCategoryType,ExchangeSegment,ExchangeInstrumentID,OrderSide,OrderType,ProductType,TimeInForce,OrderPrice,OrderQuantity,OrderStopPrice,OrderStatus,OrderAverageTradedPrice,LeavesQuantity,CumulativeQuantity,OrderDisclosedQuantity,OrderGeneratedDateTime,ExchangeTransactTime,TradingSymbol,LastUpdateDateTime,OrderExpiryDate,CancelRejectReason,OrderUniqueIdentifier,OrderLegStatus,BoLegDetails,IsSpread,BoEntryOrderId,ApiOrderSource,MessageCode,MessageVersion,TokenID,ApplicationType,SequenceNumber
0,ITC2317,ITC2317,1210051218,,TWS,1500000001480792,NORMAL,NSEFO,42679,SELL,Limit,NRML,DAY,200.0,450,0,Filled,205.05,0,450,0,14-10-2025 09:16:33,14-10-2025 09:16:33,NIFTY 14OCT2025 CE 25100,14-10-2025 09:16:33,01-01-1980 00:00:00,,,SingleOrderLeg,0,False,,,9004,4,0,0,0
1,ITC2317,ITC2317,1210054231,,TWS,1300000001929366,NORMAL,NSEFO,42717,BUY,Limit,NRML,DAY,1.3,450,0,Filled,1.3,0,450,0,14-10-2025 09:16:46,14-10-2025 09:16:47,NIFTY 14OCT2025 CE 25700,14-10-2025 09:16:47,01-01-1980 00:00:00,,,SingleOrderLeg,0,False,,,9004,4,0,0,0
2,ITC2317,ITC2317,1210058257,,TWS,1300000002254714,NORMAL,NSEFO,42702,SELL,Limit,NRML,DAY,81.0,450,0,Filled,81,0,450,0,14-10-2025 09:17:06,14-10-2025 09:17:10,NIFTY 14OCT2025 PE 25350,14-10-2025 09:17:10,01-01-1980 00:00:00,,,SingleOrderLeg,0,False,,,9004,4,0,0,0
3,ITC2317,ITC2317,1210058273,,TWS,1500000002115027,NORMAL,NSEFO,42660,BUY,Limit,NRML,DAY,1.6,450,0,Filled,1.55,0,450,0,14-10-2025 09:17:17,14-10-2025 09:17:17,NIFTY 14OCT2025 PE 24750,14-10-2025 09:17:17,01-01-1980 00:00:00,,,SingleOrderLeg,0,False,,,9004,4,0,0,0
4,ITC2317,ITC2317,1210074837,,TWS,1300000040117005,NORMAL,NSEFO,42717,BUY,Limit,NRML,DAY,1.55,1800,0,Filled,1.55,0,1800,0,14-10-2025 09:57:31,14-10-2025 09:57:31,NIFTY 14OCT2025 CE 25700,14-10-2025 09:57:31,01-01-1980 00:00:00,,,SingleOrderLeg,0,False,,,9004,4,0,0,0
5,ITC2317,ITC2317,1210074838,,TWS,1300000040117006,NORMAL,NSEFO,42717,BUY,Limit,NRML,DAY,1.55,1800,0,Filled,1.55,0,1800,0,14-10-2025 09:57:31,14-10-2025 09:57:31,NIFTY 14OCT2025 CE 25700,14-10-2025 09:57:31,01-01-1980 00:00:00,,,SingleOrderLeg,0,False,,,9004,4,0,0,0
6,ITC2317,ITC2317,1210074839,,TWS,1300000040117007,NORMAL,NSEFO,42717,BUY,Limit,NRML,DAY,1.55,1800,0,Filled,1.55,0,1800,0,14-10-2025 09:57:31,14-10-2025 09:57:31,NIFTY 14OCT2025 CE 25700,14-10-2025 09:57:31,01-01-1980 00:00:00,,,SingleOrderLeg,0,False,,,9004,4,0,0,0
7,ITC2317,ITC2317,1210074840,,TWS,1300000040117008,NORMAL,NSEFO,42717,BUY,Limit,NRML,DAY,1.55,75,0,Filled,1.55,0,75,0,14-10-2025 09:57:31,14-10-2025 09:57:31,NIFTY 14OCT2025 CE 25700,14-10-2025 09:57:31,01-01-1980 00:00:00,,,SingleOrderLeg,0,False,,,9004,4,0,0,0
8,ITC2317,ITC2317,1210074858,,TWS,1100000042031948,NORMAL,NSEFO,42691,SELL,Limit,NRML,DAY,46.0,1800,0,Filled,46.454166666666666,0,1800,0,14-10-2025 09:57:47,14-10-2025 09:57:47,NIFTY 14OCT2025 CE 25250,14-10-2025 09:57:47,01-01-1980 00:00:00,,,SingleOrderLeg,0,False,,,9004,4,0,0,0
9,ITC2317,ITC2317,1210074859,,TWS,,NORMAL,NSEFO,42691,SELL,Limit,NRML,DAY,46.0,1800,0,Rejected,,1800,0,0,14-10-2025 09:57:47,14-10-2025 09:57:47,NIFTY 14OCT2025 CE 25250,14-10-2025 09:57:47,01-01-1980 00:00:00,OEMS:RMS : Margin Exceeds :  - Set Limit:[31603097] Total Required Margin:[32480116.05] Available Margin[2099650.14] Margin Shortfall[877019.05] for entity [Client]-[ITC2317] across [ALL|ALL|ALL],,SingleOrderLeg,0,False,,,9004,4,0,0,0
10,ITC2317,ITC2317,1210074860,,TWS,,NORMAL,NSEFO,42691,SELL,Limit,NRML,DAY,46.0,1800,0,Rejected,,1800,0,0,14-10-2025 09:57:47,14-10-2025 09:57:47,NIFTY 14OCT2025 CE 25250,14-10-2025 09:57:47,01-01-1980 00:00:00,OEMS:RMS : Margin Exceeds :  - Set Limit:[31603097] Total Required Margin:[32480116.05] Available Margin[2099650.14] Margin Shortfall[877019.05] for entity [Client]-[ITC2317] across [ALL|ALL|ALL],,SingleOrderLeg,0,False,,,9004,4,0,0,0
11,ITC2317,ITC2317,1210074861,,TWS,1100000042031959,NORMAL,NSEFO,42691,SELL,Limit,NRML,DAY,46.0,75,0,Filled,46.45,0,75,0,14-10-2025 09:57:47,14-10-2025 09:57:47,NIFTY 14OCT2025 CE 25250,14-10-2025 09:57:47,01-01-1980 00:00:00,,,SingleOrderLeg,0,False,,,9004,4,0,0,0
12,ITC2317,ITC2317,1210074864,,TWS,1100000042241594,NORMAL,NSEFO,42691,SELL,Limit,NRML,DAY,47.0,900,0,Filled,47.4,0,900,0,14-10-2025 09:58:01,14-10-2025 09:58:01,NIFTY 14OCT2025 CE 25250,14-10-2025 09:58:01,01-01-1980 00:00:00,,,SingleOrderLeg,0,False,,,9004,4,0,0,0
13,ITC2317,ITC2317,1210074880,,TWS,1300000041021713,NORMAL,NSEFO,42717,SELL,Limit,NRML,DAY,1.45,1800,0,Filled,1.45,0,1800,0,14-10-2025 09:58:37,14-10-2025 09:58:57,NIFTY 14OCT2025 CE 25700,14-10-2025 09:58:57,01-01-0001 00:00:00,,,SingleOrderLeg,0,False,,,9004,4,0,0,0
14,ITC2317,ITC2317,1210074881,,TWS,,NORMAL,NSEFO,42717,SELL,Limit,NRML,DAY,2.0,900,0,Rejected,,900,0,0,14-10-2025 09:58:37,14-10-2025 09:58:37,NIFTY 14OCT2025 CE 25700,14-10-2025 09:58:37,01-01-1980 00:00:00,OEMS:RMS : Margin Exceeds :  - Set Limit:[31603097] Total Required Margin:[31840367.23] Available Margin[59064.6] Margin Shortfall[237270.23] for entity [Client]-[ITC2317] across [ALL|ALL|ALL],,SingleOrderLeg,0,False,,,9004,4,0,0,0
15,ITC2317,ITC2317,1210075968,,TWS,,NORMAL,NSEFO,42691,SELL,Limit,NRML,DAY,44.5,75,0,Rejected,,75,0,0,14-10-2025 10:00:02,14-10-2025 10:00:02,NIFTY 14OCT2025 CE 25250,14-10-2025 10:00:02,01-01-1980 00:00:00,OEMS:RMS : Margin Exceeds :  - Set Limit:[31603097] Total Required Margin:[31664026.57] Available Margin[78457.1] Margin Shortfall[60929.57] for entity [Client]-[ITC2317] across [ALL|ALL|ALL],,SingleOrderLeg,0,False,,,9004,4,0,0,0
16,ITC2317,ITC2317,1210082032,,TWS,1000000066468134,NORMAL,NSEFO,42711,BUY,Limit,NRML,DAY,2.7,1800,0,Filled,2.7,0,1800,0,14-10-2025 10:19:35,14-10-2025 10:19:35,NIFTY 14OCT2025 CE 25550,14-10-2025 10:19:35,01-01-1980 00:00:00,,,SingleOrderLeg,0,False,,,9004,4,0,0,0
17,ITC2317,ITC2317,1210082033,,TWS,1000000066468137,NORMAL,NSEFO,42711,BUY,Limit,NRML,DAY,2.7,1800,0,Filled,2.7,0,1800,0,14-10-2025 10:19:35,14-10-2025 10:19:35,NIFTY 14OCT2025 CE 25550,14-10-2025 10:19:35,01-01-1980 00:00:00,,,SingleOrderLeg,0,False,,,9004,4,0,0,0
18,ITC2317,ITC2317,1210082034,,TWS,1000000066468139,NORMAL,NSEFO,42711,BUY,Limit,NRML,DAY,2.7,1800,0,Filled,2.7,0,1800,0,14-10-2025 10:19:35,14-10-2025 10:19:35,NIFTY 14OCT2025 CE 25550,14-10-2025 10:19:35,01-01-1980 00:00:00,,,SingleOrderLeg,0,False,,,9004,4,0,0,0
19,ITC2317,ITC2317,1210082035,,TWS,1000000066468140,NORMAL,NSEFO,42711,BUY,Limit,NRML,DAY,2.7,525,0,Filled,2.7,0,525,0,14-10-2025 10:19:35,14-10-2025 10:19:35,NIFTY 14OCT2025 CE 25550,14-10-2025 10:19:35,01-01-1980 00:00:00,,,SingleOrderLeg,0,False,,,9004,4,0,0,0
20,ITC2317,ITC2317,1210082049,,TWS,1300000062289078,NORMAL,NSEFO,42717,SELL,Limit,NRML,DAY,1.7,1800,0,Filled,1.7,0,1800,0,14-10-2025 10:19:43,14-10-2025 10:19:44,NIFTY 14OCT2025 CE 25700,14-10-2025 10:19:44,01-01-1980 00:00:00,,,SingleOrderLeg,0,False,,,9004,4,0,0,0
21,ITC2317,ITC2317,1210082050,,TWS,1300000062289083,NORMAL,NSEFO,42717,SELL,Limit,NRML,DAY,1.7,1800,0,Filled,1.7,0,1800,0,14-10-2025 10:19:43,14-10-2025 10:19:44,NIFTY 14OCT2025 CE 25700,14-10-2025 10:19:44,01-01-1980 00:00:00,,,SingleOrderLeg,0,False,,,9004,4,0,0,0
22,ITC2317,ITC2317,1210082051,,TWS,1300000062289087,NORMAL,NSEFO,42717,SELL,Limit,NRML,DAY,1.7,1800,0,Filled,1.7,0,1800,0,14-10-2025 10:19:43,14-10-2025 10:19:44,NIFTY 14OCT2025 CE 25700,14-10-2025 10:19:44,01-01-1980 00:00:00,,,SingleOrderLeg,0,False,,,9004,4,0,0,0
23,ITC2317,ITC2317,1210082052,,TWS,1300000062289089,NORMAL,NSEFO,42717,SELL,Limit,NRML,DAY,1.7,525,0,Filled,1.7,0,525,0,14-10-2025 10:19:43,14-10-2025 10:19:44,NIFTY 14OCT2025 CE 25700,14-10-2025 10:19:44,01-01-1980 00:00:00,,,SingleOrderLeg,0,False,,,9004,4,0,0,0
24,ITC2317,ITC2317,1210082149,,TWS,1000000068119685,NORMAL,NSEFO,42711,SELL,Limit,NRML,DAY,2.7,900,0,Filled,2.7,0,900,0,14-10-2025 10:21:12,14-10-2025 10:21:13,NIFTY 14OCT2025 CE 25550,14-10-2025 10:21:13,01-01-1980 00:00:00,,,SingleOrderLeg,0,False,,,9004,4,0,0,0
25,ITC2317,ITC2317,1210082252,,TWS,,NORMAL,NSEFO,53722,SELL,Limit,NRML,DAY,14.75,315,0,Rejected,,315,0,0,14-10-2025 10:24:35,14-10-2025 10:24:35,BANKNIFTY 28OCT2025 CE 60000,14-10-2025 10:24:35,01-01-1980 00:00:00,OEMS:RMS : Margin Exceeds :  - Set Limit:[31603097] Total Required Margin:[32083408.79] Available Margin[565335.01] Margin Shortfall[480311.79] for entity [Client]-[ITC2317] across [ALL|ALL|ALL],,SingleOrderLeg,0,False,,,9004,4,0,0,0
26,ITC2317,ITC2317,1210082264,,TWS,1700000031749900,NORMAL,NSEFO,53155,BUY,Limit,NRML,DAY,111.0,315,0,Filled,111,0,315,0,14-10-2025 10:24:55,14-10-2025 10:25:02,BANKNIFTY 28OCT2025 CE 58000,14-10-2025 10:25:02,01-01-1980 00:00:00,,,SingleOrderLeg,0,False,,,9004,4,0,0,0
27,ITC2317,ITC2317,1210082270,,TWS,1700000031858823,NORMAL,NSEFO,53722,SELL,Limit,NRML,DAY,14.8,315,0,Filled,14.805555555555555,0,315,0,14-10-2025 10:25:11,14-10-2025 10:25:11,BANKNIFTY 28OCT2025 CE 60000,14-10-2025 10:25:11,01-01-1980 00:00:00,,,SingleOrderLeg,0,False,,,9004,4,0,0,0
28,ITC2317,ITC2317,1210082284,,TWS,1700000031970207,NORMAL,NSEFO,53155,BUY,Limit,NRML,DAY,111.9,315,0,Filled,111.82777777777778,0,315,0,14-10-2025 10:25:29,14-10-2025 10:25:29,BANKNIFTY 28OCT2025 CE 58000,14-10-2025 10:25:29,01-01-1980 00:00:00,,,SingleOrderLeg,0,False,,,9004,4,0,0,0
29,ITC2317,ITC2317,1210082293,,TWS,1700000032026604,NORMAL,NSEFO,53722,SELL,Limit,NRML,DAY,14.95,315,0,Filled,14.95,0,315,0,14-10-2025 10:25:37,14-10-2025 10:25:46,BANKNIFTY 28OCT2025 CE 60000,14-10-2025 10:25:47,01-01-1980 00:00:00,,,SingleOrderLeg,0,False,,,9004,4,0,0,0
30,ITC2317,ITC2317,1210082387,,TWS,1700000032697853,NORMAL,NSEFO,53155,BUY,Limit,NRML,DAY,113.15,315,0,Filled,113.15,0,315,0,14-10-2025 10:27:22,14-10-2025 10:27:24,BANKNIFTY 28OCT2025 CE 58000,14-10-2025 10:27:24,01-01-1980 00:00:00,,,SingleOrderLeg,0,False,,,9004,4,0,0,0
31,ITC2317,ITC2317,1210082391,,TWS,1700000032742860,NORMAL,NSEFO,53722,SELL,Limit,NRML,DAY,14.7,315,0,Filled,14.7,0,315,0,14-10-2025 10:27:30,14-10-2025 10:27:31,BANKNIFTY 28OCT2025 CE 60000,14-10-2025 10:27:31,01-01-1980 00:00:00,,,SingleOrderLeg,0,False,,,9004,4,0,0,0
32,ITC2317,ITC2317,1210082418,,TWS,1700000032914440,NORMAL,NSEFO,53155,BUY,Limit,NRML,DAY,113.0,35,0,Filled,112.85,0,35,0,14-10-2025 10:27:57,14-10-2025 10:27:57,BANKNIFTY 28OCT2025 CE 58000,14-10-2025 10:27:57,01-01-1980 00:00:00,,,SingleOrderLeg,0,False,,,9004,4,0,0,0
33,ITC2317,ITC2317,1210082426,,TWS,1700000032958210,NORMAL,NSEFO,53722,SELL,Limit,NRML,DAY,14.65,35,0,Filled,14.7,0,35,0,14-10-2025 10:28:04,14-10-2025 10:28:04,BANKNIFTY 28OCT2025 CE 60000,14-10-2025 10:28:04,01-01-1980 00:00:00,,,SingleOrderLeg,0,False,,,9004,4,0,0,0
34,ITC2317,ITC2317,1210082434,,TWS,1700000033038731,NORMAL,NSEFO,53155,BUY,Limit,NRML,DAY,112.15,35,0,Filled,112.15,0,35,0,14-10-2025 10:28:17,14-10-2025 10:28:27,BANKNIFTY 28OCT2025 CE 58000,14-10-2025 10:28:27,01-01-1980 00:00:00,,,SingleOrderLeg,0,False,,,9004,4,0,0,0
35,ITC2317,ITC2317,1210082452,,TWS,1700000033117320,NORMAL,NSEFO,53722,SELL,Limit,NRML,DAY,14.6,35,0,Filled,14.6,0,35,0,14-10-2025 10:28:30,14-10-2025 10:28:30,BANKNIFTY 28OCT2025 CE 60000,14-10-2025 10:28:30,01-01-1980 00:00:00,,,SingleOrderLeg,0,False,,,9004,4,0,0,0
36,ITC2317,ITC2317,1210082453,,TWS,1700000033193285,NORMAL,NSEFO,53155,BUY,Limit,NRML,DAY,112.7,35,0,Filled,112.55,0,35,0,14-10-2025 10:28:43,14-10-2025 10:28:43,BANKNIFTY 28OCT2025 CE 58000,14-10-2025 10:28:43,01-01-1980 00:00:00,,,SingleOrderLeg,0,False,,,9004,4,0,0,0
37,ITC2317,ITC2317,1210082464,,TWS,1700000033224592,NORMAL,NSEFO,53722,SELL,Limit,NRML,DAY,12.0,35,0,Filled,14.45,0,35,0,14-10-2025 10:28:48,14-10-2025 10:29:07,BANKNIFTY 28OCT2025 CE 60000,14-10-2025 10:29:07,01-01-0001 00:00:00,,,SingleOrderLeg,0,False,,,9004,4,0,0,0
38,ITC2317,ITC2317,1210086914,,TWS,1000000112894283,NORMAL,NSEFO,42711,BUY,Limit,NRML,DAY,1.5,1725,0,Filled,1.5,0,1725,0,14-10-2025 11:10:23,14-10-2025 11:10:23,NIFTY 14OCT2025 CE 25550,14-10-2025 11:10:23,01-01-1980 00:00:00,,,SingleOrderLeg,0,False,,,9004,4,0,0,0
39,ITC2317,ITC2317,1210086919,,TWS,1000000113028937,NORMAL,NSEFO,42687,SELL,Limit,NRML,DAY,37.0,1725,0,Filled,37.87608695652174,0,1725,0,14-10-2025 11:10:30,14-10-2025 11:10:31,NIFTY 14OCT2025 CE 25200,14-10-2025 11:10:31,01-01-1980 00:00:00,,,SingleOrderLeg,0,False,,,9004,4,0,0,0
40,ITC2317,ITC2317,1210088232,,TWS,1000000120783666,NORMAL,NSEFO,42711,BUY,Limit,NRML,DAY,2.0,1725,0,Filled,1.8,0,1725,0,14-10-2025 11:17:55,14-10-2025 11:17:55,NIFTY 14OCT2025 CE 25550,14-10-2025 11:17:55,01-01-1980 00:00:00,,,SingleOrderLeg,0,False,,,9004,4,0,0,0
41,ITC2317,ITC2317,1210088253,,TWS,,NORMAL,NSEFO,42687,SELL,Limit,NRML,DAY,28.0,1725,0,Rejected,,1725,0,0,14-10-2025 11:17:59,14-10-2025 11:17:59,NIFTY 14OCT2025 CE 25200,14-10-2025 11:17:59,01-01-1980 00:00:00,OEMS:RMS : Margin Exceeds :  - Set Limit:[31603097] Total Required Margin:[32804243.08] Available Margin[2100686.52] Margin Shortfall[1201146.08] for entity [Client]-[ITC2317] across [ALL|ALL|ALL],,SingleOrderLeg,0,False,,,9004,4,0,0,0
42,ITC2317,ITC2317,1210088265,,TWS,1000000121030111,NORMAL,NSEFO,42687,SELL,Limit,NRML,DAY,28.0,900,0,Filled,28.7,0,900,0,14-10-2025 11:18:07,14-10-2025 11:18:07,NIFTY 14OCT2025 CE 25200,14-10-2025 11:18:07,01-01-1980 00:00:00,,,SingleOrderLeg,0,False,,,9004,4,0,0,0
43,ITC2317,ITC2317,1210088300,,TWS,1500000101759584,NORMAL,NSEFO,42705,BUY,Limit,NRML,DAY,2.8,1800,0,Filled,2.7,0,1800,0,14-10-2025 11:18:32,14-10-2025 11:18:32,NIFTY 14OCT2025 CE 25450,14-10-2025 11:18:32,01-01-1980 00:00:00,,,SingleOrderLeg,0,False,,,9004,4,0,0,0
44,ITC2317,ITC2317,1210088301,,TWS,1500000101759595,NORMAL,NSEFO,42705,BUY,Limit,NRML,DAY,2.8,1800,0,Filled,2.7,0,1800,0,14-10-2025 11:18:32,14-10-2025 11:18:32,NIFTY 14OCT2025 CE 25450,14-10-2025 11:18:32,01-01-1980 00:00:00,,,SingleOrderLeg,0,False,,,9004,4,0,0,0
45,ITC2317,ITC2317,1210088302,,TWS,1500000101759611,NORMAL,NSEFO,42705,BUY,Limit,NRML,DAY,2.8,1800,0,Filled,2.7,0,1800,0,14-10-2025 11:18:32,14-10-2025 11:18:32,NIFTY 14OCT2025 CE 25450,14-10-2025 11:18:32,01-01-1980 00:00:00,,,SingleOrderLeg,0,False,,,9004,4,0,0,0
46,ITC2317,ITC2317,1210088303,,TWS,1500000101759612,NORMAL,NSEFO,42705,BUY,Limit,NRML,DAY,2.8,1800,0,Filled,2.7,0,1800,0,14-10-2025 11:18:32,14-10-2025 11:18:32,NIFTY 14OCT2025 CE 25450,14-10-2025 11:18:32,01-01-1980 00:00:00,,,SingleOrderLeg,0,False,,,9004,4,0,0,0
47,ITC2317,ITC2317,1210088304,,TWS,1500000101759614,NORMAL,NSEFO,42705,BUY,Limit,NRML,DAY,2.8,1275,0,Filled,2.7,0,1275,0,14-10-2025 11:18:32,14-10-2025 11:18:32,NIFTY 14OCT2025 CE 25450,14-10-2025 11:18:32,01-01-1980 00:00:00,,,SingleOrderLeg,0,False,,,9004,4,0,0,0
48,ITC2317,ITC2317,1210088315,,TWS,1000000121904913,NORMAL,NSEFO,42687,SELL,Limit,NRML,DAY,28.0,825,0,Filled,28.95,0,825,0,14-10-2025 11:18:53,14-10-2025 11:18:53,NIFTY 14OCT2025 CE 25200,14-10-2025 11:18:53,01-01-1980 00:00:00,,,SingleOrderLeg,0,False,,,9004,4,0,0,0
49,ITC2317,ITC2317,1210088341,,TWS,1000000122297401,NORMAL,NSEFO,42711,SELL,Limit,NRML,DAY,1.9,1800,0,Filled,1.9,0,1800,0,14-10-2025 11:19:12,14-10-2025 11:19:12,NIFTY 14OCT2025 CE 25550,14-10-2025 11:19:12,01-01-1980 00:00:00,,,SingleOrderLeg,0,False,,,9004,4,0,0,0
50,ITC2317,ITC2317,1210088342,,TWS,1000000122297402,NORMAL,NSEFO,42711,SELL,Limit,NRML,DAY,1.9,1800,0,Filled,1.9,0,1800,0,14-10-2025 11:19:12,14-10-2025 11:19:12,NIFTY 14OCT2025 CE 25550,14-10-2025 11:19:12,01-01-1980 00:00:00,,,SingleOrderLeg,0,False,,,9004,4,0,0,0
51,ITC2317,ITC2317,1210088343,,TWS,1000000122297403,NORMAL,NSEFO,42711,SELL,Limit,NRML,DAY,1.9,1800,0,Filled,1.9,0,1800,0,14-10-2025 11:19:12,14-10-2025 11:19:12,NIFTY 14OCT2025 CE 25550,14-10-2025 11:19:12,01-01-1980 00:00:00,,,SingleOrderLeg,0,False,,,9004,4,0,0,0
52,ITC2317,ITC2317,1210088344,,TWS,1000000122297404,NORMAL,NSEFO,42711,SELL,Limit,NRML,DAY,1.9,1800,0,Filled,1.9,0,1800,0,14-10-2025 11:19:12,14-10-2025 11:19:12,NIFTY 14OCT2025 CE 25550,14-10-2025 11:19:12,01-01-1980 00:00:00,,,SingleOrderLeg,0,False,,,9004,4,0,0,0
53,ITC2317,ITC2317,1210088345,,TWS,,NORMAL,NSEFO,42711,SELL,Limit,NRML,DAY,1.9,1275,0,Rejected,,1275,0,0,14-10-2025 11:19:12,14-10-2025 11:19:12,NIFTY 14OCT2025 CE 25550,14-10-2025 11:19:12,01-01-1980 00:00:00,OEMS:RMS : Margin Exceeds :  - Set Limit:[31603097] Total Required Margin:[31972339.09] Available Margin[250270.46] Margin Shortfall[369242.09] for entity [Client]-[ITC2317] across [ALL|ALL|ALL],,SingleOrderLeg,0,False,,,9004,4,0,0,0
54,ITC2317,ITC2317,1210088371,,TWS,1000000122653494,NORMAL,NSEFO,42711,SELL,Limit,NRML,DAY,1.5,75,0,Filled,1.95,0,75,0,14-10-2025 11:19:31,14-10-2025 11:19:31,NIFTY 14OCT2025 CE 25550,14-10-2025 11:19:32,01-01-1980 00:00:00,,,SingleOrderLeg,0,False,,,9004,4,0,0,0
55,ITC2317,ITC2317,1210088388,,TWS,1000000122814289,NORMAL,NSEFO,42711,SELL,Limit,NRML,DAY,1.5,150,0,Filled,1.9,0,150,0,14-10-2025 11:19:43,14-10-2025 11:19:43,NIFTY 14OCT2025 CE 25550,14-10-2025 11:19:43,01-01-1980 00:00:00,,,SingleOrderLeg,0,False,,,9004,4,0,0,0
56,ITC2317,ITC2317,1210088399,,TWS,1000000122939165,NORMAL,NSEFO,42711,SELL,Limit,NRML,DAY,1.5,150,0,Filled,1.9,0,150,0,14-10-2025 11:19:52,14-10-2025 11:19:52,NIFTY 14OCT2025 CE 25550,14-10-2025 11:19:52,01-01-1980 00:00:00,,,SingleOrderLeg,0,False,,,9004,4,0,0,0
57,ITC2317,ITC2317,1210089501,,TWS,1760420828343565243,NORMAL,BSEFO,873998,BUY,Limit,NRML,EOS,416.85,1000,0,Filled,416.85,0,1000,0,14-10-2025 11:21:56,14-10-2025 11:21:57,SENSEX 16OCT2025 CE 82000,14-10-2025 11:21:57,01-01-1970 00:00:00,,,SingleOrderLeg,0,False,,,9004,4,0,0,0
58,ITC2317,ITC2317,1210089502,,TWS,1760420828343565247,NORMAL,BSEFO,873998,BUY,Limit,NRML,EOS,416.85,1000,0,Filled,416.85,0,1000,0,14-10-2025 11:21:56,14-10-2025 11:21:57,SENSEX 16OCT2025 CE 82000,14-10-2025 11:21:57,01-01-1970 00:00:00,,,SingleOrderLeg,0,False,,,9004,4,0,0,0
59,ITC2317,ITC2317,1210089503,,TWS,1760420828343565248,NORMAL,BSEFO,873998,BUY,Limit,NRML,EOS,416.85,100,0,Filled,416.85,0,100,0,14-10-2025 11:21:56,14-10-2025 11:21:57,SENSEX 16OCT2025 CE 82000,14-10-2025 11:21:57,01-01-1970 00:00:00,,,SingleOrderLeg,0,False,,,9004,4,0,0,0
60,ITC2317,ITC2317,1210089515,,TWS,1760421073820086363,NORMAL,BSEFO,873713,SELL,Limit,NRML,EOS,470.0,1000,0,Filled,477.877,0,1000,0,14-10-2025 11:22:06,14-10-2025 11:22:07,SENSEX 16OCT2025 CE 81900,14-10-2025 11:22:06,01-01-1970 00:00:00,,,SingleOrderLeg,0,False,,,9004,4,0,0,0
61,ITC2317,ITC2317,1210089516,,TWS,1760421073820086364,NORMAL,BSEFO,873713,SELL,Limit,NRML,EOS,470.0,200,0,Filled,476.535,0,200,0,14-10-2025 11:22:06,14-10-2025 11:22:07,SENSEX 16OCT2025 CE 81900,14-10-2025 11:22:06,01-01-1970 00:00:00,,,SingleOrderLeg,0,False,,,9004,4,0,0,0
62,ITC2317,ITC2317,1210089524,,TWS,,NORMAL,BSEFO,873713,SELL,Limit,NRML,EOS,470.0,900,0,Rejected,,900,0,0,14-10-2025 11:22:19,14-10-2025 11:22:19,SENSEX 16OCT2025 CE 81900,14-10-2025 11:22:19,01-01-1970 00:00:00,OEMS:RMS : Margin Exceeds :  - Set Limit:[31603097] Total Required Margin:[32635130.48] Available Margin[540100.33] Margin Shortfall[1032033.48] for entity [Client]-[ITC2317] across [ALL|ALL|ALL],,SingleOrderLeg,0,False,,,9004,4,0,0,0
63,ITC2317,ITC2317,1210089530,,TWS,,NORMAL,BSEFO,873713,SELL,Limit,NRML,EOS,479.95,600,0,Rejected,,600,0,0,14-10-2025 11:22:26,14-10-2025 11:22:26,SENSEX 16OCT2025 CE 81900,14-10-2025 11:22:26,01-01-1970 00:00:00,OEMS:RMS : Margin Exceeds :  - Set Limit:[31603097] Total Required Margin:[32096338.38] Available Margin[554847.83] Margin Shortfall[493241.38] for entity [Client]-[ITC2317] across [ALL|ALL|ALL],,SingleOrderLeg,0,False,,,9004,4,0,0,0
64,ITC2317,ITC2317,1210089546,,TWS,1760421073820158816,NORMAL,BSEFO,873713,SELL,Limit,NRML,EOS,485.0,300,0,Filled,490.94,0,300,0,14-10-2025 11:22:49,14-10-2025 11:22:50,SENSEX 16OCT2025 CE 81900,14-10-2025 11:22:49,01-01-1970 00:00:00,,,SingleOrderLeg,0,False,,,9004,4,0,0,0
65,ITC2317,ITC2317,1210089559,,TWS,1700000055418954,NORMAL,NSEFO,53155,BUY,Limit,NRML,DAY,89.8,70,0,Filled,89.8,0,70,0,14-10-2025 11:23:23,14-10-2025 11:23:27,BANKNIFTY 28OCT2025 CE 58000,14-10-2025 11:23:27,01-01-1980 00:00:00,,,SingleOrderLeg,0,False,,,9004,4,0,0,0
66,ITC2317,ITC2317,1210089569,,TWS,,NORMAL,BSEFO,873713,SELL,Limit,NRML,EOS,479.35,600,0,Rejected,,600,0,0,14-10-2025 11:23:36,14-10-2025 11:23:36,SENSEX 16OCT2025 CE 81900,14-10-2025 11:23:36,01-01-1970 00:00:00,OEMS:RMS : Margin Exceeds :  - Set Limit:[31603097] Total Required Margin:[32260282.37] Available Margin[390903.84] Margin Shortfall[657185.37] for entity [Client]-[ITC2317] across [ALL|ALL|ALL],,SingleOrderLeg,0,False,,,9004,4,0,0,0
67,ITC2317,ITC2317,1210089574,,TWS,,NORMAL,BSEFO,873713,SELL,Limit,NRML,EOS,480.0,300,0,Rejected,,300,0,0,14-10-2025 11:23:43,14-10-2025 11:23:43,SENSEX 16OCT2025 CE 81900,14-10-2025 11:23:43,01-01-1970 00:00:00,OEMS:RMS : Margin Exceeds :  - Set Limit:[31603097] Total Required Margin:[31730064.26] Available Margin[397077.34] Margin Shortfall[126967.26] for entity [Client]-[ITC2317] across [ALL|ALL|ALL],,SingleOrderLeg,0,False,,,9004,4,0,0,0
68,ITC2317,ITC2317,1210089595,,TWS,1760421073820270067,NORMAL,BSEFO,873713,SELL,Limit,NRML,EOS,475.0,200,0,Filled,475,0,200,0,14-10-2025 11:24:00,14-10-2025 11:24:02,SENSEX 16OCT2025 CE 81900,14-10-2025 11:24:02,01-01-1970 00:00:00,,,SingleOrderLeg,0,False,,,9004,4,0,0,0
69,ITC2317,ITC2317,1210089624,,TWS,1500000106765763,NORMAL,NSEFO,42705,BUY,Limit,NRML,DAY,3.5,300,0,Filled,2.5,0,300,0,14-10-2025 11:24:27,14-10-2025 11:24:27,NIFTY 14OCT2025 CE 25450,14-10-2025 11:24:27,01-01-1980 00:00:00,,,SingleOrderLeg,0,False,,,9004,4,0,0,0
70,ITC2317,ITC2317,1210089628,,TWS,1700000055908965,NORMAL,NSEFO,53155,BUY,Limit,NRML,DAY,90.0,280,0,Filled,85.94375,0,280,0,14-10-2025 11:24:38,14-10-2025 11:24:42,BANKNIFTY 28OCT2025 CE 58000,14-10-2025 11:24:43,01-01-0001 00:00:00,,,SingleOrderLeg,0,False,,,9004,4,0,0,0
71,ITC2317,ITC2317,1210089643,,TWS,1760421073820337168,NORMAL,BSEFO,873713,SELL,Limit,NRML,EOS,460.0,400,0,Filled,460.32,0,400,0,14-10-2025 11:24:49,14-10-2025 11:24:50,SENSEX 16OCT2025 CE 81900,14-10-2025 11:24:50,01-01-1970 00:00:00,,,SingleOrderLeg,0,False,,,9004,4,0,0,0
72,ITC2317,ITC2317,1210089665,,TWS,1700000056340309,NORMAL,NSEFO,53722,SELL,Limit,NRML,DAY,13.0,350,0,Filled,13,0,350,0,14-10-2025 11:25:32,14-10-2025 11:25:34,BANKNIFTY 28OCT2025 CE 60000,14-10-2025 11:25:34,01-01-1980 00:00:00,,,SingleOrderLeg,0,False,,,9004,4,0,0,0
73,ITC2317,ITC2317,1210094120,,TWS,1100000154719789,NORMAL,NSEFO,42691,BUY,Limit,NRML,DAY,8.5,1800,0,Filled,8.15,0,1800,0,14-10-2025 12:11:54,14-10-2025 12:11:54,NIFTY 14OCT2025 CE 25250,14-10-2025 12:11:54,01-01-1980 00:00:00,,,SingleOrderLeg,0,False,,,9004,4,0,0,0
74,ITC2317,ITC2317,1210094121,,TWS,1100000154719803,NORMAL,NSEFO,42691,BUY,Limit,NRML,DAY,8.5,975,0,Filled,8.15,0,975,0,14-10-2025 12:11:54,14-10-2025 12:11:54,NIFTY 14OCT2025 CE 25250,14-10-2025 12:11:54,01-01-1980 00:00:00,,,SingleOrderLeg,0,False,,,9004,4,0,0,0
75,ITC2317,ITC2317,1210094125,,TWS,1600000151755652,NORMAL,NSEFO,42685,SELL,Limit,NRML,DAY,28.0,1800,0,Filled,28.3,0,1800,0,14-10-2025 12:12:05,14-10-2025 12:12:14,NIFTY 14OCT2025 CE 25150,14-10-2025 12:12:14,01-01-0001 00:00:00,,,SingleOrderLeg,0,False,,,9004,4,0,0,0
76,ITC2317,ITC2317,1210094126,,TWS,,NORMAL,NSEFO,42685,SELL,Limit,NRML,DAY,29.0,975,0,Rejected,,975,0,0,14-10-2025 12:12:05,14-10-2025 12:12:05,NIFTY 14OCT2025 CE 25150,14-10-2025 12:12:05,01-01-1980 00:00:00,OEMS:RMS : Margin Exceeds :  - Set Limit:[31603097] Total Required Margin:[31846557.48] Available Margin[1381205.39] Margin Shortfall[243460.48] for entity [Client]-[ITC2317] across [ALL|ALL|ALL],,SingleOrderLeg,0,False,,,9004,4,0,0,0
77,ITC2317,ITC2317,1210094137,,TWS,1600000152151896,NORMAL,NSEFO,42685,SELL,Limit,NRML,DAY,28.0,600,0,Filled,28,0,600,0,14-10-2025 12:12:29,14-10-2025 12:12:29,NIFTY 14OCT2025 CE 25150,14-10-2025 12:12:29,01-01-1980 00:00:00,,,SingleOrderLeg,0,False,,,9004,4,0,0,0
78,ITC2317,ITC2317,1210094164,,TWS,,NORMAL,NSEFO,42685,SELL,Limit,NRML,DAY,28.55,300,0,Rejected,,300,0,0,14-10-2025 12:12:47,14-10-2025 12:12:47,NIFTY 14OCT2025 CE 25150,14-10-2025 12:12:47,01-01-1980 00:00:00,OEMS:RMS : Margin Exceeds :  - Set Limit:[31603097] Total Required Margin:[31689791.71] Available Margin[505508.37] Margin Shortfall[86694.71] for entity [Client]-[ITC2317] across [ALL|ALL|ALL],,SingleOrderLeg,0,False,,,9004,4,0,0,0
79,ITC2317,ITC2317,1210094172,,TWS,1600000152548397,NORMAL,NSEFO,42685,SELL,Limit,NRML,DAY,29.1,75,0,Filled,29.1,0,75,0,14-10-2025 12:12:57,14-10-2025 12:12:57,NIFTY 14OCT2025 CE 25150,14-10-2025 12:12:57,01-01-1980 00:00:00,,,SingleOrderLeg,0,False,,,9004,4,0,0,0
80,ITC2317,ITC2317,1210094183,,TWS,1600000152724558,NORMAL,NSEFO,42685,SELL,Limit,NRML,DAY,29.1,75,0,Filled,30.75,0,75,0,14-10-2025 12:13:07,14-10-2025 12:13:07,NIFTY 14OCT2025 CE 25150,14-10-2025 12:13:08,01-01-1980 00:00:00,,,SingleOrderLeg,0,False,,,9004,4,0,0,0
81,ITC2317,ITC2317,1210094201,,TWS,,NORMAL,NSEFO,42685,SELL,Limit,NRML,DAY,28.0,225,0,Rejected,,225,0,0,14-10-2025 12:13:50,14-10-2025 12:13:50,NIFTY 14OCT2025 CE 25150,14-10-2025 12:13:50,01-01-1980 00:00:00,OEMS:RMS : Margin Exceeds :  - Set Limit:[31603097] Total Required Margin:[31835877.48] Available Margin[211371.83] Margin Shortfall[232780.48] for entity [Client]-[ITC2317] across [ALL|ALL|ALL],,SingleOrderLeg,0,False,,,9004,4,0,0,0
82,ITC2317,ITC2317,1210094207,,TWS,1600000153413199,NORMAL,NSEFO,42685,SELL,Limit,NRML,DAY,28.0,75,0,Filled,29.5,0,75,0,14-10-2025 12:13:56,14-10-2025 12:13:56,NIFTY 14OCT2025 CE 25150,14-10-2025 12:13:56,01-01-1980 00:00:00,,,SingleOrderLeg,0,False,,,9004,4,0,0,0
83,ITC2317,ITC2317,1210095652,,TWS,1000000180105324,NORMAL,NSEFO,42687,BUY,Limit,NRML,DAY,9.9,1800,0,Filled,9.8,0,1800,0,14-10-2025 12:29:36,14-10-2025 12:29:36,NIFTY 14OCT2025 CE 25200,14-10-2025 12:29:36,01-01-1980 00:00:00,,,SingleOrderLeg,0,False,,,9004,4,0,0,0
84,ITC2317,ITC2317,1210095653,,TWS,1000000180105549,NORMAL,NSEFO,42687,BUY,Limit,NRML,DAY,9.9,1650,0,Filled,9.8,0,1650,0,14-10-2025 12:29:36,14-10-2025 12:29:36,NIFTY 14OCT2025 CE 25200,14-10-2025 12:29:36,01-01-1980 00:00:00,,,SingleOrderLeg,0,False,,,9004,4,0,0,0
85,ITC2317,ITC2317,1210095672,,TWS,1500000157301038,NORMAL,NSEFO,42679,SELL,Limit,NRML,DAY,35.0,1800,0,Filled,36.9,0,1800,0,14-10-2025 12:29:50,14-10-2025 12:29:50,NIFTY 14OCT2025 CE 25100,14-10-2025 12:29:51,01-01-1980 00:00:00,,,SingleOrderLeg,0,False,,,9004,4,0,0,0
86,ITC2317,ITC2317,1210095673,,TWS,,NORMAL,NSEFO,42679,SELL,Limit,NRML,DAY,35.0,1650,0,Rejected,,1650,0,0,14-10-2025 12:29:50,14-10-2025 12:29:50,NIFTY 14OCT2025 CE 25100,14-10-2025 12:29:50,01-01-1980 00:00:00,OEMS:RMS : Margin Exceeds :  - Set Limit:[31603097] Total Required Margin:[32031348.21] Available Margin[2198973.6] Margin Shortfall[428251.21] for entity [Client]-[ITC2317] across [ALL|ALL|ALL],,SingleOrderLeg,0,False,,,9004,4,0,0,0
87,ITC2317,ITC2317,1210096714,,TWS,1500000158176773,NORMAL,NSEFO,42679,SELL,Limit,NRML,DAY,38.0,900,0,Filled,38,0,900,0,14-10-2025 12:30:34,14-10-2025 12:30:34,NIFTY 14OCT2025 CE 25100,14-10-2025 12:30:35,01-01-1980 00:00:00,,,SingleOrderLeg,0,False,,,9004,4,0,0,0
88,ITC2317,ITC2317,1210096723,,TWS,,NORMAL,NSEFO,42679,SELL,Limit,NRML,DAY,35.0,900,0,Rejected,,900,0,0,14-10-2025 12:30:42,14-10-2025 12:30:42,NIFTY 14OCT2025 CE 25100,14-10-2025 12:30:42,01-01-1980 00:00:00,OEMS:RMS : Margin Exceeds :  - Set Limit:[31603097] Total Required Margin:[32324599.19] Available Margin[1109531.22] Margin Shortfall[721502.19] for entity [Client]-[ITC2317] across [ALL|ALL|ALL],,SingleOrderLeg,0,False,,,9004,4,0,0,0
89,ITC2317,ITC2317,1210096740,,TWS,,NORMAL,NSEFO,42679,SELL,Limit,NRML,DAY,37.0,600,0,Rejected,,600,0,0,14-10-2025 12:30:51,14-10-2025 12:30:51,NIFTY 14OCT2025 CE 25100,14-10-2025 12:30:51,01-01-1980 00:00:00,OEMS:RMS : Margin Exceeds :  - Set Limit:[31603097] Total Required Margin:[31717824.72] Available Margin[1105961.22] Margin Shortfall[114727.72] for entity [Client]-[ITC2317] across [ALL|ALL|ALL],,SingleOrderLeg,0,False,,,9004,4,0,0,0
90,ITC2317,ITC2317,1210096745,,TWS,1500000158571263,NORMAL,NSEFO,42679,SELL,Limit,NRML,DAY,38.3,300,0,Filled,38.3,0,300,0,14-10-2025 12:30:59,14-10-2025 12:31:01,NIFTY 14OCT2025 CE 25100,14-10-2025 12:31:01,01-01-1980 00:00:00,,,SingleOrderLeg,0,False,,,9004,4,0,0,0
91,ITC2317,ITC2317,1210096757,,TWS,1500000158897056,NORMAL,NSEFO,42679,SELL,Limit,NRML,DAY,38.0,225,0,Filled,39.18333333333333,0,225,0,14-10-2025 12:31:21,14-10-2025 12:31:21,NIFTY 14OCT2025 CE 25100,14-10-2025 12:31:21,01-01-1980 00:00:00,,,SingleOrderLeg,0,False,,,9004,4,0,0,0
92,ITC2317,ITC2317,1210097898,,TWS,1300000163659297,NORMAL,NSEFO,42695,BUY,Limit,NRML,DAY,2.5,1800,0,Filled,2.3,0,1800,0,14-10-2025 12:34:59,14-10-2025 12:34:59,NIFTY 14OCT2025 CE 25350,14-10-2025 12:34:59,01-01-1980 00:00:00,,,SingleOrderLeg,0,False,,,9004,4,0,0,0
93,ITC2317,ITC2317,1210097899,,TWS,1300000163659298,NORMAL,NSEFO,42695,BUY,Limit,NRML,DAY,2.5,1800,0,Filled,2.3,0,1800,0,14-10-2025 12:34:59,14-10-2025 12:34:59,NIFTY 14OCT2025 CE 25350,14-10-2025 12:34:59,01-01-1980 00:00:00,,,SingleOrderLeg,0,False,,,9004,4,0,0,0
94,ITC2317,ITC2317,1210097900,,TWS,1300000163659299,NORMAL,NSEFO,42695,BUY,Limit,NRML,DAY,2.5,1800,0,Filled,2.3,0,1800,0,14-10-2025 12:34:59,14-10-2025 12:34:59,NIFTY 14OCT2025 CE 25350,14-10-2025 12:34:59,01-01-1980 00:00:00,,,SingleOrderLeg,0,False,,,9004,4,0,0,0
95,ITC2317,ITC2317,1210097901,,TWS,1300000163659300,NORMAL,NSEFO,42695,BUY,Limit,NRML,DAY,2.5,1800,0,Filled,2.3,0,1800,0,14-10-2025 12:34:59,14-10-2025 12:34:59,NIFTY 14OCT2025 CE 25350,14-10-2025 12:34:59,01-01-1980 00:00:00,,,SingleOrderLeg,0,False,,,9004,4,0,0,0
96,ITC2317,ITC2317,1210097902,,TWS,1300000163659301,NORMAL,NSEFO,42695,BUY,Limit,NRML,DAY,2.5,900,0,Filled,2.3,0,900,0,14-10-2025 12:34:59,14-10-2025 12:34:59,NIFTY 14OCT2025 CE 25350,14-10-2025 12:34:59,01-01-1980 00:00:00,,,SingleOrderLeg,0,False,,,9004,4,0,0,0
97,ITC2317,ITC2317,1210097908,,TWS,1500000161933426,NORMAL,NSEFO,42705,SELL,Limit,NRML,DAY,1.55,1800,0,Filled,1.55,0,1800,0,14-10-2025 12:35:09,14-10-2025 12:35:09,NIFTY 14OCT2025 CE 25450,14-10-2025 12:35:09,01-01-1980 00:00:00,,,SingleOrderLeg,0,False,,,9004,4,0,0,0
98,ITC2317,ITC2317,1210097909,,TWS,1500000161933429,NORMAL,NSEFO,42705,SELL,Limit,NRML,DAY,1.55,1800,0,Filled,1.55,0,1800,0,14-10-2025 12:35:09,14-10-2025 12:35:09,NIFTY 14OCT2025 CE 25450,14-10-2025 12:35:09,01-01-1980 00:00:00,,,SingleOrderLeg,0,False,,,9004,4,0,0,0
99,ITC2317,ITC2317,1210097910,,TWS,1500000161933430,NORMAL,NSEFO,42705,SELL,Limit,NRML,DAY,1.55,1800,0,Filled,1.55,0,1800,0,14-10-2025 12:35:09,14-10-2025 12:35:09,NIFTY 14OCT2025 CE 25450,14-10-2025 12:35:09,01-01-1980 00:00:00,,,SingleOrderLeg,0,False,,,9004,4,0,0,0
100,ITC2317,ITC2317,1210097911,,TWS,1500000161933431,NORMAL,NSEFO,42705,SELL,Limit,NRML,DAY,1.55,1800,0,Filled,1.55,0,1800,0,14-10-2025 12:35:09,14-10-2025 12:35:09,NIFTY 14OCT2025 CE 25450,14-10-2025 12:35:09,01-01-1980 00:00:00,,,SingleOrderLeg,0,False,,,9004,4,0,0,0
101,ITC2317,ITC2317,1210097912,,TWS,1500000161933432,NORMAL,NSEFO,42705,SELL,Limit,NRML,DAY,1.55,1575,0,Filled,1.55,0,1575,0,14-10-2025 12:35:09,14-10-2025 12:35:09,NIFTY 14OCT2025 CE 25450,14-10-2025 12:35:09,01-01-1980 00:00:00,,,SingleOrderLeg,0,False,,,9004,4,0,0,0
102,ITC2317,ITC2317,1210097915,,TWS,1000000184736916,NORMAL,NSEFO,42711,SELL,Limit,NRML,DAY,1.3,900,0,Filled,1.3,0,900,0,14-10-2025 12:35:14,14-10-2025 12:35:15,NIFTY 14OCT2025 CE 25550,14-10-2025 12:35:15,01-01-1980 00:00:00,,,SingleOrderLeg,0,False,,,9004,4,0,0,0
103,ITC2317,ITC2317,1210114217,,TWS,1300000252158023,NORMAL,NSEFO,42695,SELL,Limit,NRML,DAY,0.65,1800,0,Filled,0.65,0,1800,0,14-10-2025 14:32:40,14-10-2025 14:32:40,NIFTY 14OCT2025 CE 25350,14-10-2025 14:32:40,01-01-1980 00:00:00,,,SingleOrderLeg,0,False,,,9004,4,0,0,0
104,ITC2317,ITC2317,1210114218,,TWS,1300000252158024,NORMAL,NSEFO,42695,SELL,Limit,NRML,DAY,0.65,1800,0,Filled,0.65,0,1800,0,14-10-2025 14:32:40,14-10-2025 14:32:40,NIFTY 14OCT2025 CE 25350,14-10-2025 14:32:40,01-01-1980 00:00:00,,,SingleOrderLeg,0,False,,,9004,4,0,0,0
105,ITC2317,ITC2317,1210114219,,TWS,1300000252158025,NORMAL,NSEFO,42695,SELL,Limit,NRML,DAY,0.65,1050,0,Filled,0.65,0,1050,0,14-10-2025 14:32:40,14-10-2025 14:32:40,NIFTY 14OCT2025 CE 25350,14-10-2025 14:32:40,01-01-1980 00:00:00,,,SingleOrderLeg,0,False,,,9004,4,0,0,0
106,ITC2317,ITC2317,1210114263,,TWS,1500000272430053,NORMAL,NSEFO,42660,SELL,Limit,NRML,DAY,0.35,1800,0,Filled,0.35,0,1800,0,14-10-2025 14:33:15,14-10-2025 14:33:15,NIFTY 14OCT2025 PE 24750,14-10-2025 14:33:15,01-01-1980 00:00:00,,,SingleOrderLeg,0,False,,,9004,4,0,0,0
107,ITC2317,ITC2317,1210114264,,TWS,1500000272430056,NORMAL,NSEFO,42660,SELL,Limit,NRML,DAY,0.35,450,0,Filled,0.35,0,450,0,14-10-2025 14:33:15,14-10-2025 14:33:15,NIFTY 14OCT2025 PE 24750,14-10-2025 14:33:15,01-01-1980 00:00:00,,,SingleOrderLeg,0,False,,,9004,4,0,0,0
108,ITC2317,ITC2317,1210116445,,TWS,1600000283637682,NORMAL,NSEFO,42685,BUY,Limit,NRML,DAY,49.0,1800,0,Filled,43.84583333333333,0,1800,0,14-10-2025 14:36:23,14-10-2025 14:36:23,NIFTY 14OCT2025 CE 25150,14-10-2025 14:36:24,01-01-1980 00:00:00,,,SingleOrderLeg,0,False,,,9004,4,0,0,0
109,ITC2317,ITC2317,1210116446,,TWS,1600000283637683,NORMAL,NSEFO,42685,BUY,Limit,NRML,DAY,49.0,975,0,Filled,43.89230769230769,0,975,0,14-10-2025 14:36:23,14-10-2025 14:36:23,NIFTY 14OCT2025 CE 25150,14-10-2025 14:36:24,01-01-1980 00:00:00,,,SingleOrderLeg,0,False,,,9004,4,0,0,0
110,ITC2317,ITC2317,1210116470,,TWS,1000000289760381,NORMAL,NSEFO,42690,SELL,Limit,NRML,DAY,21.0,675,0,Filled,23,0,675,0,14-10-2025 14:37:29,14-10-2025 14:37:29,NIFTY 14OCT2025 PE 25200,14-10-2025 14:37:29,01-01-1980 00:00:00,,,SingleOrderLeg,0,False,,,9004,4,0,0,0
111,ITC2317,ITC2317,1210116662,,TWS,1300000257409612,NORMAL,NSEFO,42695,SELL,Limit,NRML,DAY,0.55,1800,0,Filled,0.55,0,1800,0,14-10-2025 14:40:15,14-10-2025 14:40:15,NIFTY 14OCT2025 CE 25350,14-10-2025 14:40:15,01-01-1980 00:00:00,,,SingleOrderLeg,0,False,,,9004,4,0,0,0
112,ITC2317,ITC2317,1210116663,,TWS,1300000257409613,NORMAL,NSEFO,42695,SELL,Limit,NRML,DAY,0.55,975,0,Filled,0.55,0,975,0,14-10-2025 14:40:15,14-10-2025 14:40:15,NIFTY 14OCT2025 CE 25350,14-10-2025 14:40:15,01-01-1980 00:00:00,,,SingleOrderLeg,0,False,,,9004,4,0,0,0
113,ITC2317,ITC2317,1210125681,,TWS,1760434443238327301,NORMAL,BSEFO,876189,BUY,Limit,NRML,EOS,3.0,1000,0,Filled,3,0,1000,0,14-10-2025 15:11:22,14-10-2025 15:11:22,SENSEX 16OCT2025 CE 85000,14-10-2025 15:11:22,01-01-1970 00:00:00,,,SingleOrderLeg,0,False,,,9004,4,0,0,0
114,ITC2317,ITC2317,1210125682,,TWS,1760434443238327302,NORMAL,BSEFO,876189,BUY,Limit,NRML,EOS,3.0,1000,0,Filled,3,0,1000,0,14-10-2025 15:11:22,14-10-2025 15:11:22,SENSEX 16OCT2025 CE 85000,14-10-2025 15:11:22,01-01-1970 00:00:00,,,SingleOrderLeg,0,False,,,9004,4,0,0,0
115,ITC2317,ITC2317,1210125683,,TWS,1760434443238327304,NORMAL,BSEFO,876189,BUY,Limit,NRML,EOS,3.0,100,0,Filled,3,0,100,0,14-10-2025 15:11:22,14-10-2025 15:11:22,SENSEX 16OCT2025 CE 85000,14-10-2025 15:11:22,01-01-1970 00:00:00,,,SingleOrderLeg,0,False,,,9004,4,0,0,0
116,ITC2317,ITC2317,1210125721,,TWS,1760434592370301850,NORMAL,BSEFO,873838,SELL,Limit,NRML,EOS,101.0,1000,0,Filled,102.17,0,1000,0,14-10-2025 15:11:32,14-10-2025 15:11:32,SENSEX 16OCT2025 CE 82700,14-10-2025 15:11:32,01-01-1970 00:00:00,,,SingleOrderLeg,0,False,,,9004,4,0,0,0
117,ITC2317,ITC2317,1210125722,,TWS,1760434592370301873,NORMAL,BSEFO,873838,SELL,Limit,NRML,EOS,101.0,1000,0,Filled,102.033,0,1000,0,14-10-2025 15:11:32,14-10-2025 15:11:32,SENSEX 16OCT2025 CE 82700,14-10-2025 15:11:32,01-01-1970 00:00:00,,,SingleOrderLeg,0,False,,,9004,4,0,0,0
118,ITC2317,ITC2317,1210125723,,TWS,1760434592370301880,NORMAL,BSEFO,873838,SELL,Limit,NRML,EOS,101.0,100,0,Filled,102.09,0,100,0,14-10-2025 15:11:32,14-10-2025 15:11:32,SENSEX 16OCT2025 CE 82700,14-10-2025 15:11:32,01-01-1970 00:00:00,,,SingleOrderLeg,0,False,,,9004,4,0,0,0
119,ITC2317,ITC2317,1210125843,,TWS,1760434917834082621,NORMAL,BSEFO,873713,BUY,Limit,NRML,EOS,428.95,1000,0,Cancelled,,1000,0,0,14-10-2025 15:13:40,14-10-2025 15:13:48,SENSEX 16OCT2025 CE 81900,14-10-2025 15:13:47,01-01-1970 00:00:00,103 - Order Cancelled,,SingleOrderLeg,0,False,,,9004,4,0,0,0
120,ITC2317,ITC2317,1210125844,,TWS,1760434917834082624,NORMAL,BSEFO,873713,BUY,Limit,NRML,EOS,428.95,1000,0,Cancelled,,1000,0,0,14-10-2025 15:13:40,14-10-2025 15:13:48,SENSEX 16OCT2025 CE 81900,14-10-2025 15:13:47,01-01-1970 00:00:00,103 - Order Cancelled,,SingleOrderLeg,0,False,,,9004,4,0,0,0
121,ITC2317,ITC2317,1210125845,,TWS,1760434917834082625,NORMAL,BSEFO,873713,BUY,Limit,NRML,EOS,428.95,100,0,Cancelled,,100,0,0,14-10-2025 15:13:40,14-10-2025 15:13:48,SENSEX 16OCT2025 CE 81900,14-10-2025 15:13:47,01-01-1970 00:00:00,103 - Order Cancelled,,SingleOrderLeg,0,False,,,9004,4,0,0,0
122,ITC2317,ITC2317,1210125851,,TWS,1760434917834092917,NORMAL,BSEFO,873713,BUY,Limit,NRML,EOS,432.0,1000,0,Filled,427.882,0,1000,0,14-10-2025 15:13:55,14-10-2025 15:13:56,SENSEX 16OCT2025 CE 81900,14-10-2025 15:13:55,01-01-1970 00:00:00,,,SingleOrderLeg,0,False,,,9004,4,0,0,0
123,ITC2317,ITC2317,1210125852,,TWS,1760434917834092918,NORMAL,BSEFO,873713,BUY,Limit,NRML,EOS,432.0,1000,0,Filled,429.619,0,1000,0,14-10-2025 15:13:55,14-10-2025 15:13:56,SENSEX 16OCT2025 CE 81900,14-10-2025 15:13:55,01-01-1970 00:00:00,,,SingleOrderLeg,0,False,,,9004,4,0,0,0
124,ITC2317,ITC2317,1210125853,,TWS,1760434917834092944,NORMAL,BSEFO,873713,BUY,Limit,NRML,EOS,432.0,100,0,Filled,427.75,0,100,0,14-10-2025 15:13:55,14-10-2025 15:13:56,SENSEX 16OCT2025 CE 81900,14-10-2025 15:13:55,01-01-1970 00:00:00,,,SingleOrderLeg,0,False,,,9004,4,0,0,0
125,ITC2317,ITC2317,1210125858,,TWS,1760434361530639184,NORMAL,BSEFO,875906,SELL,Limit,NRML,EOS,560.0,1000,0,Filled,566.41,0,1000,0,14-10-2025 15:14:02,14-10-2025 15:14:03,SENSEX 16OCT2025 CE 81700,14-10-2025 15:14:03,01-01-1970 00:00:00,,,SingleOrderLeg,0,False,,,9004,4,0,0,0
126,ITC2317,ITC2317,1210125859,,TWS,1760434361530639185,NORMAL,BSEFO,875906,SELL,Limit,NRML,EOS,560.0,1000,0,Filled,564.757,0,1000,0,14-10-2025 15:14:02,14-10-2025 15:14:03,SENSEX 16OCT2025 CE 81700,14-10-2025 15:14:03,01-01-1970 00:00:00,,,SingleOrderLeg,0,False,,,9004,4,0,0,0
127,ITC2317,ITC2317,1210125860,,TWS,1760434361530639210,NORMAL,BSEFO,875906,SELL,Limit,NRML,EOS,560.0,100,0,Filled,565.95,0,100,0,14-10-2025 15:14:02,14-10-2025 15:14:03,SENSEX 16OCT2025 CE 81700,14-10-2025 15:14:03,01-01-1970 00:00:00,,,SingleOrderLeg,0,False,,,9004,4,0,0,0
128,ITC2317,ITC2317,1210125875,,TWS,1760434361530648702,NORMAL,BSEFO,875906,BUY,Limit,NRML,EOS,569.35,1000,0,Filled,569.171,0,1000,0,14-10-2025 15:14:19,14-10-2025 15:14:20,SENSEX 16OCT2025 CE 81700,14-10-2025 15:14:19,01-01-1970 00:00:00,,,SingleOrderLeg,0,False,,,9004,4,0,0,0
129,ITC2317,ITC2317,1210125876,,TWS,1760434361530648735,NORMAL,BSEFO,875906,BUY,Limit,NRML,EOS,569.35,1000,0,Filled,569.35,0,1000,0,14-10-2025 15:14:19,14-10-2025 15:14:20,SENSEX 16OCT2025 CE 81700,14-10-2025 15:14:19,01-01-1970 00:00:00,,,SingleOrderLeg,0,False,,,9004,4,0,0,0
130,ITC2317,ITC2317,1210125877,,TWS,1760434361530648741,NORMAL,BSEFO,875906,BUY,Limit,NRML,EOS,569.35,100,0,Filled,569.35,0,100,0,14-10-2025 15:14:19,14-10-2025 15:14:20,SENSEX 16OCT2025 CE 81700,14-10-2025 15:14:19,01-01-1970 00:00:00,,,SingleOrderLeg,0,False,,,9004,4,0,0,0
131,ITC2317,ITC2317,1210125883,,TWS,1760434508148499634,NORMAL,BSEFO,875652,SELL,Limit,NRML,EOS,495.0,1000,0,Filled,496.329,0,1000,0,14-10-2025 15:14:27,14-10-2025 15:14:28,SENSEX 16OCT2025 CE 81800,14-10-2025 15:14:27,01-01-1970 00:00:00,,,SingleOrderLeg,0,False,,,9004,4,0,0,0
132,ITC2317,ITC2317,1210125884,,TWS,1760434508148499664,NORMAL,BSEFO,875652,SELL,Limit,NRML,EOS,495.0,1000,0,Filled,495.701,0,1000,0,14-10-2025 15:14:27,14-10-2025 15:14:28,SENSEX 16OCT2025 CE 81800,14-10-2025 15:14:27,01-01-1970 00:00:00,,,SingleOrderLeg,0,False,,,9004,4,0,0,0
133,ITC2317,ITC2317,1210125885,,TWS,1760434508148499667,NORMAL,BSEFO,875652,SELL,Limit,NRML,EOS,495.0,100,0,Filled,495,0,100,0,14-10-2025 15:14:27,14-10-2025 15:14:28,SENSEX 16OCT2025 CE 81800,14-10-2025 15:14:27,01-01-1970 00:00:00,,,SingleOrderLeg,0,False,,,9004,4,0,0,0
134,ITC2317,ITC2317,1210126139,,TWS,1760435349138031403,NORMAL,BSEFO,873998,SELL,Limit,NRML,EOS,355.0,200,0,Filled,358.65,0,200,0,14-10-2025 15:19:38,14-10-2025 15:19:38,SENSEX 16OCT2025 CE 82000,14-10-2025 15:19:38,01-01-1970 00:00:00,,,SingleOrderLeg,0,False,,,9004,4,0,0,0
135,ITC2317,ITC2317,1210126146,,TWS,1760434443238795764,NORMAL,BSEFO,876189,BUY,Limit,NRML,EOS,3.25,200,0,Filled,3.25,0,200,0,14-10-2025 15:19:48,14-10-2025 15:19:49,SENSEX 16OCT2025 CE 85000,14-10-2025 15:19:49,01-01-1970 00:00:00,,,SingleOrderLeg,0,False,,,9004,4,0,0,0
136,ITC2317,ITC2317,1210126357,,TWS,1760435512825049846,NORMAL,BSEFO,873838,BUY,Limit,NRML,EOS,78.0,1000,0,Filled,77.829,0,1000,0,14-10-2025 15:23:36,14-10-2025 15:23:36,SENSEX 16OCT2025 CE 82700,14-10-2025 15:23:36,01-01-1970 00:00:00,,,SingleOrderLeg,0,False,,,9004,4,0,0,0
137,ITC2317,ITC2317,1210126358,,TWS,1760435512825049847,NORMAL,BSEFO,873838,BUY,Limit,NRML,EOS,78.0,1000,0,Filled,77.999,0,1000,0,14-10-2025 15:23:36,14-10-2025 15:23:36,SENSEX 16OCT2025 CE 82700,14-10-2025 15:23:36,01-01-1970 00:00:00,,,SingleOrderLeg,0,False,,,9004,4,0,0,0
138,ITC2317,ITC2317,1210126359,,TWS,1760435512825049871,NORMAL,BSEFO,873838,BUY,Limit,NRML,EOS,78.0,100,0,Filled,78,0,100,0,14-10-2025 15:23:36,14-10-2025 15:23:36,SENSEX 16OCT2025 CE 82700,14-10-2025 15:23:36,01-01-1970 00:00:00,,,SingleOrderLeg,0,False,,,9004,4,0,0,0
139,ITC2317,ITC2317,1210126367,,TWS,1760434969975692888,NORMAL,BSEFO,875781,SELL,Limit,NRML,EOS,101.0,1000,0,Filled,101,0,1000,0,14-10-2025 15:23:43,14-10-2025 15:23:44,SENSEX 16OCT2025 CE 82600,14-10-2025 15:23:44,01-01-1970 00:00:00,,,SingleOrderLeg,0,False,,,9004,4,0,0,0
140,ITC2317,ITC2317,1210126368,,TWS,1760434969975692890,NORMAL,BSEFO,875781,SELL,Limit,NRML,EOS,101.0,1000,0,Filled,101,0,1000,0,14-10-2025 15:23:43,14-10-2025 15:23:44,SENSEX 16OCT2025 CE 82600,14-10-2025 15:23:44,01-01-1970 00:00:00,,,SingleOrderLeg,0,False,,,9004,4,0,0,0
141,ITC2317,ITC2317,1210126369,,TWS,1760434969975692911,NORMAL,BSEFO,875781,SELL,Limit,NRML,EOS,101.0,100,0,Filled,101,0,100,0,14-10-2025 15:23:43,14-10-2025 15:23:44,SENSEX 16OCT2025 CE 82600,14-10-2025 15:23:44,01-01-1970 00:00:00,,,SingleOrderLeg,0,False,,,9004,4,0,0,0
142,ITC2317,ITC2317,1210126429,,TWS,1760435349138523668,NORMAL,BSEFO,873998,SELL,Limit,NRML,EOS,330.0,100,0,Filled,332.05,0,100,0,14-10-2025 15:26:51,14-10-2025 15:26:52,SENSEX 16OCT2025 CE 82000,14-10-2025 15:26:51,01-01-1970 00:00:00,,,SingleOrderLeg,0,False,,,9004,4,0,0,0
143,ITC2317,ITC2317,1210126433,,TWS,1760435386647252869,NORMAL,BSEFO,876189,BUY,Limit,NRML,EOS,3.6,100,0,Filled,3.5,0,100,0,14-10-2025 15:26:56,14-10-2025 15:27:06,SENSEX 16OCT2025 CE 85000,14-10-2025 15:27:06,01-01-0001 00:00:00,,,SingleOrderLeg,0,False,,,9004,4,0,0,0
144,ITC2317,ITC2317,2210028607,,TWS,1500000270524115,NORMAL,NSEFO,42679,BUY,Market,NRML,DAY,0.0,1800,0,Filled,62.03125,0,1800,0,14-10-2025 14:31:23,14-10-2025 14:31:23,NIFTY 14OCT2025 CE 25100,14-10-2025 14:31:23,01-01-1980 00:00:00,,,SingleOrderLeg,0,False,,,9004,4,0,0,0
145,ITC2317,ITC2317,2210028608,,TWS,1300000251335863,NORMAL,NSEFO,42702,BUY,Market,NRML,DAY,0.0,1800,0,Filled,193.02291666666667,0,1800,0,14-10-2025 14:31:23,14-10-2025 14:31:23,NIFTY 14OCT2025 PE 25350,14-10-2025 14:31:23,01-01-1980 00:00:00,,,SingleOrderLeg,0,False,,,9004,4,0,0,0
146,ITC2317,ITC2317,2210028609,,TWS,1500000270524191,NORMAL,NSEFO,42679,BUY,Market,NRML,DAY,0.0,1800,0,Filled,61.97083333333333,0,1800,0,14-10-2025 14:31:23,14-10-2025 14:31:23,NIFTY 14OCT2025 CE 25100,14-10-2025 14:31:23,01-01-1980 00:00:00,,,SingleOrderLeg,0,False,,,9004,4,0,0,0
147,ITC2317,ITC2317,2210028610,,TWS,1300000251335897,NORMAL,NSEFO,42702,BUY,Market,NRML,DAY,0.0,450,0,Filled,193.10833333333332,0,450,0,14-10-2025 14:31:23,14-10-2025 14:31:23,NIFTY 14OCT2025 PE 25350,14-10-2025 14:31:23,01-01-1980 00:00:00,,,SingleOrderLeg,0,False,,,9004,4,0,0,0
148,ITC2317,ITC2317,2210028611,,TWS,1500000270524564,NORMAL,NSEFO,42679,BUY,Market,NRML,DAY,0.0,1050,0,Filled,62.06785714285714,0,1050,0,14-10-2025 14:31:23,14-10-2025 14:31:23,NIFTY 14OCT2025 CE 25100,14-10-2025 14:31:23,01-01-1980 00:00:00,,,SingleOrderLeg,0,False,,,9004,4,0,0,0
149,ITC2317,ITC2317,2210028707,,TWS,1300000269273025,NORMAL,NSEFO,42695,SELL,Market,NRML,DAY,0.0,675,0,Filled,0.2,0,675,0,14-10-2025 14:58:50,14-10-2025 14:58:50,NIFTY 14OCT2025 CE 25350,14-10-2025 14:58:51,01-01-1980 00:00:00,,,SingleOrderLeg,0,False,,,9004,4,0,0,0
150,ITC2317,ITC2317,2210028708,,TWS,1600000312796664,NORMAL,NSEFO,42685,BUY,Market,NRML,DAY,0.0,675,0,Filled,20.25,0,675,0,14-10-2025 14:58:50,14-10-2025 14:58:50,NIFTY 14OCT2025 CE 25150,14-10-2025 14:58:51,01-01-1980 00:00:00,,,SingleOrderLeg,0,False,,,9004,4,0,0,0
151,ITC2317,ITC2317,2210028709,,TWS,1000000317930071,NORMAL,NSEFO,42690,BUY,Market,NRML,DAY,0.0,675,0,Filled,33.95,0,675,0,14-10-2025 14:58:50,14-10-2025 14:58:50,NIFTY 14OCT2025 PE 25200,14-10-2025 14:58:51,01-01-1980 00:00:00,,,SingleOrderLeg,0,False,,,9004,4,0,0,0
